company,location,industry,total_laid_off,percentage_laid_off,date,stage,country,funds_raised_millions,year
Atlassian,Sydney,Other,500.0,0.05,2023-03-06,Post-IPO,Australia,210.0,2023.0
SiriusXM,New York City,Media,475.0,0.08,2023-03-06,Post-IPO,United States,525.0,2023.0
Alerzo,Ibadan,Retail,400.0,,2023-03-06,Series B,Nigeria,16.0,2023.0
UpGrad,Mumbai,Education,120.0,,2023-03-06,Unknown,India,631.0,2023.0
Loft,Sao Paulo,Real Estate,340.0,0.15,2023-03-03,Unknown,Brazil,788.0,2023.0
Embark Trucks,SF Bay Area,Transportation,230.0,0.7,2023-03-03,Post-IPO,United States,317.0,2023.0
Lendi,Sydney,Real Estate,100.0,,2023-03-03,Unknown,Australia,59.0,2023.0
UserTesting,SF Bay Area,Marketing,63.0,,2023-03-03,Acquired,United States,152.0,2023.0
Airbnb,SF Bay Area,,30.0,,2023-03-03,Post-IPO,United States,6400.0,2023.0
Zscaler,SF Bay Area,Security,177.0,0.03,2023-03-02,Post-IPO,United States,148.0,2023.0
MasterClass,SF Bay Area,Education,79.0,,2023-03-02,Series E,United States,461.0,2023.0
Ambev Tech,Blumenau,Food,50.0,,2023-03-02,Acquired,Brazil,,2023.0
Fittr,Pune,Fitness,30.0,0.11,2023-03-02,Series A,India,13.0,2023.0
CNET,SF Bay Area,Media,12.0,0.1,2023-03-02,Acquired,United States,20.0,2023.0
Kandela,Los Angeles,Consumer,,1.0,2023-03-02,Acquired,United States,,2023.0
Thoughtworks,Chicago,Other,500.0,0.04,2023-03-01,Post-IPO,United States,748.0,2023.0
iFood,Sao Paulo,Food,355.0,0.06,2023-03-01,Subsidiary,Brazil,2100.0,2023.0
Color Health,SF Bay Area,Healthcare,300.0,,2023-03-01,Series E,United States,482.0,2023.0
Waymo,SF Bay Area,Transportation,209.0,0.08,2023-03-01,Subsidiary,United States,5500.0,2023.0
PayFit,Paris,HR,200.0,0.2,2023-03-01,Series E,France,495.0,2023.0
Yellow.ai,SF Bay Area,Support,200.0,,2023-03-01,Series C,United States,102.0,2023.0
Sonder,SF Bay Area,Travel,100.0,0.14,2023-03-01,Post-IPO,United States,839.0,2023.0
Protego Trust Bank,Seattle,Crypto,,0.5,2023-03-01,Series A,United States,70.0,2023.0
Electronic Arts,Baton Rouge,Consumer,200.0,,2023-02-28,Post-IPO,United States,2.0,2023.0
Eventbrite,SF Bay Area,Consumer,80.0,0.08,2023-02-28,Post-IPO,United States,557.0,2023.0
DUX Education,Bengaluru,Education,,1.0,2023-02-28,Unknown,India,,2023.0
MeridianLink,Los Angeles,Finance,,0.09,2023-02-28,Post-IPO,United States,485.0,2023.0
Sono Motors,Munich,Transportation,300.0,,2023-02-27,Post-IPO,Germany,126.0,2023.0
Cerebral,SF Bay Area,Healthcare,285.0,0.15,2023-02-27,Series C,United States,462.0,2023.0
Amount,Chicago,Finance,130.0,0.25,2023-02-27,Unknown,United States,283.0,2023.0
Palantir,Denver,Data,75.0,0.02,2023-02-27,Post-IPO,United States,3000.0,2023.0
Outreach,Seattle,Sales,70.0,0.07,2023-02-27,Series G,United States,489.0,2023.0
Stytch,SF Bay Area,Security,19.0,0.25,2023-02-27,Series B,United States,126.0,2023.0
BitSight,Tel Aviv,Security,40.0,,2023-02-26,Unknown,Israel,401.0,2023.0
Twitter,SF Bay Area,Consumer,200.0,0.1,2023-02-25,Post-IPO,United States,12900.0,2023.0
Ericsson,Stockholm,Other,8500.0,0.08,2023-02-24,Post-IPO,Sweden,663.0,2023.0
SAP Labs,Bengaluru,Other,300.0,,2023-02-24,Subsidiary,India,1300.0,2023.0
Velodyne Lidar,SF Bay Area,Transportation,220.0,,2023-02-24,Acquired,United States,575.0,2023.0
Medallia,SF Bay Area,Support,59.0,,2023-02-24,Acquired,United States,325.0,2023.0
Eat Just,SF Bay Area,Food,40.0,,2023-02-24,Unknown,United States,465.0,2023.0
Lucira Health,SF Bay Area,Healthcare,26.0,,2023-02-24,Post-IPO,United States,132.0,2023.0
Stax,Orlando,Finance,24.0,,2023-02-24,Series D,United States,263.0,2023.0
Poshmark,SF Bay Area,Retail,,0.02,2023-02-24,Acquired,United States,153.0,2023.0
Merative,Ann Arbor,Healthcare,200.0,0.1,2023-02-23,Acquired,United States,,2023.0
OneFootball,Berlin,Marketing,150.0,0.32,2023-02-23,Series D,Germany,442.0,2023.0
The Iconic,Sydney,Retail,69.0,0.06,2023-02-23,Unknown,Australia,,2023.0
EVgo,Los Angeles,Transportation,40.0,,2023-02-23,Post-IPO,United States,400.0,2023.0
StrongDM,SF Bay Area,Infrastructure,40.0,,2023-02-23,Series B,United States,76.0,2023.0
Dapper Labs,Vancouver,Crypto,,0.2,2023-02-23,Series D,United States,607.0,2023.0
Messari,New York City,Crypto,,0.15,2023-02-23,Series B,United States,61.0,2023.0
Vibrent Health,Washington D.C.,Healthcare,,0.13,2023-02-23,Unknown,United States,,2023.0
Synamedia,London,Media,200.0,0.12,2023-02-22,Unknown,United Kingdom,,2023.0
TaskUs,San Antonio,Support,186.0,,2023-02-22,Post-IPO,United States,279.0,2023.0
Immutable,Sydney,Crypto,,0.11,2023-02-22,Series C,Australia,279.0,2023.0
Jounce Therapeutics,Boston,Healthcare,,0.57,2023-02-22,Acquired,United States,194.0,2023.0
Locomation,Pittsburgh,Transportation,,1.0,2023-02-22,Seed,United States,57.0,2023.0
Polygon,Bengaluru,Crypto,100.0,0.2,2023-02-21,Unknown,India,451.0,2023.0
Crunchyroll,Tokyo,Media,85.0,,2023-02-21,Unknown,Japan,26.0,2023.0
Ethos Life,SF Bay Area,Finance,50.0,,2023-02-21,Series D,United States,406.0,2023.0
Bolt,Lagos,Transportation,17.0,,2023-02-21,Series F,Nigeria,,2023.0
MyGate,Bengaluru,Other,200.0,0.3,2023-02-20,Series B,India,79.0,2023.0
Fireblocks,New York City,Crypto,30.0,0.05,2023-02-20,Series E,United States,1000.0,2023.0
Kinde,Sydney,Other,8.0,0.28,2023-02-20,Seed,Australia,10.0,2023.0
Fipola,Chennai,Food,,1.0,2023-02-20,Series A,United States,9.0,2023.0
HP,Tel Aviv,Hardware,100.0,,2023-02-19,Post-IPO,Israel,4200.0,2023.0
Tencent,Shenzen,Consumer,300.0,,2023-02-17,Post-IPO,China,12600.0,2023.0
Evernote,SF Bay Area,Consumer,129.0,,2023-02-17,Acquired,United States,290.0,2023.0
Chipper Cash,SF Bay Area,Finance,100.0,0.33,2023-02-17,Series C,United States,302.0,2023.0
DocuSign,SF Bay Area,Sales,680.0,0.1,2023-02-16,Post-IPO,United States,536.0,2023.0
Pico Interactive,SF Bay Area,Other,400.0,0.2,2023-02-16,Acquired,United States,62.0,2023.0
The RealReal,SF Bay Area,Retail,230.0,0.07,2023-02-16,Post-IPO,United States,356.0,2023.0
Smartsheet,Seattle,Other,85.0,0.03,2023-02-16,Post-IPO,United States,152.0,2023.0
Wix,Tel Aviv,Marketing,370.0,0.06,2023-02-15,Post-IPO,Israel,58.0,2023.0
ServiceTitan,Los Angeles,Sales,221.0,0.08,2023-02-15,Series G,United States,1100.0,2023.0
Neon,Sao Paulo,Finance,210.0,0.09,2023-02-15,Series D,Brazil,720.0,2023.0
Jellysmack,Paris,Media,208.0,,2023-02-15,Series C,France,22.0,2023.0
DigitalOcean,New York City,Infrastructure,200.0,0.11,2023-02-15,Post-IPO,United States,491.0,2023.0
Sprinklr,New York City,Support,100.0,0.04,2023-02-15,Post-IPO,United States,429.0,2023.0
Betterment,New York City,Finance,28.0,,2023-02-15,Series F,United States,435.0,2023.0
Milkrun,Sydney,Food,,0.2,2023-02-15,Series A,Australia,86.0,2023.0
Momentive,SF Bay Area,Marketing,,0.14,2023-02-15,Post-IPO,United States,1100.0,2023.0
Tackle,Boise,Other,,0.15,2023-02-15,Series C,United States,148.0,2023.0
Vicarious Surgical,Boston,Healthcare,,0.14,2023-02-15,Post-IPO,United States,185.0,2023.0
CommerceHub,Albany,Retail,371.0,0.31,2023-02-14,Acquired,United States,,2023.0
HackerEarth,SF Bay Area,HR,,0.08,2023-02-14,Series B,United States,11.0,2023.0
PhableCare,Bengaluru,Healthcare,,0.7,2023-02-14,Series B,India,40.0,2023.0
Udemy,SF Bay Area,Education,,0.1,2023-02-14,Post-IPO,United States,311.0,2023.0
Twilio,SF Bay Area,Other,1500.0,0.17,2023-02-13,Post-IPO,United States,614.0,2023.0
Electric,New York City,Other,141.0,0.25,2023-02-13,Series D,United States,212.0,2023.0
EMX Digital,New York City,Marketing,100.0,1.0,2023-02-13,Unknown,United States,,2023.0
PetLove,Sao Paulo,Retail,94.0,,2023-02-13,Series C,Brazil,225.0,2023.0
iRobot,Boston,Consumer,85.0,0.07,2023-02-13,Acquired,United States,30.0,2023.0
Collective Health,SF Bay Area,Healthcare,54.0,,2023-02-13,Series F,United States,719.0,2023.0
Magic Eden,SF Bay Area,Crypto,22.0,,2023-02-13,Series B,United States,170.0,2023.0
Casavo,Milan,Real Estate,,0.3,2023-02-13,Unknown,Italy,708.0,2023.0
Moladin,Jakarta,Transportation,360.0,0.11,2023-02-12,Series B,Indonesia,138.0,2023.0
TripleLift,New York City,Marketing,100.0,0.2,2023-02-10,Acquired,United States,16.0,2023.0
TikTok India,Mumbai,Consumer,40.0,,2023-02-10,Acquired,India,9400.0,2023.0
Rigetti Computing,SF Bay Area,Hardware,,0.28,2023-02-10,Post-IPO,United States,298.0,2023.0
Yahoo,SF Bay Area,Consumer,1600.0,0.2,2023-02-09,Acquired,United States,6.0,2023.0
Misfits Market,Philadelphia,Food,649.0,0.33,2023-02-09,Series C,United States,526.0,2023.0
Deliveroo,London,Food,350.0,0.09,2023-02-09,Post-IPO,United Kingdom,1700.0,2023.0
Olive AI,Columbus,Healthcare,215.0,0.35,2023-02-09,Series H,United States,856.0,2023.0
Oportun,SF Bay Area,Finance,155.0,0.1,2023-02-09,Post-IPO,United States,566.0,2023.0
GitLab,SF Bay Area,Product,130.0,0.07,2023-02-09,Post-IPO,United States,413.0,2023.0
Bark,New York City,Retail,126.0,0.12,2023-02-09,Post-IPO,United States,,2023.0
Nomad Health,New York City,Healthcare,119.0,0.17,2023-02-09,Unknown,United States,218.0,2023.0
Veriff,Tallinn,Security,66.0,0.12,2023-02-09,Series C,Estonia,192.0,2023.0
REE Automotive,Tel Aviv,Transportation,31.0,0.11,2023-02-09,Post-IPO,Israel,317.0,2023.0
GitHub,SF Bay Area,Product,,0.1,2023-02-09,Acquired,United States,350.0,2023.0
WeTrade,Bengaluru,Crypto,,1.0,2023-02-09,Unknown,India,,2023.0
GoDaddy,Phoenix,Marketing,530.0,0.08,2023-02-08,Post-IPO,United States,800.0,2023.0
Affirm,SF Bay Area,Finance,500.0,0.19,2023-02-08,Post-IPO,United States,1500.0,2023.0
Gusto,SF Bay Area,HR,126.0,0.05,2023-02-08,Series E,United States,746.0,2023.0
Gong,SF Bay Area,Sales,80.0,0.07,2023-02-08,Series E,United States,583.0,2023.0
Beam Benefits,Columbus,Healthcare,31.0,0.08,2023-02-08,Series E,United States,168.0,2023.0
Equitybee,SF Bay Area,Finance,24.0,0.25,2023-02-08,Series B,United States,85.0,2023.0
Baraja,Sydney,Transportation,,0.75,2023-02-08,Unknown,Australia,63.0,2023.0
Koho,Toronto,Finance,,0.14,2023-02-08,Series D,Canada,278.0,2023.0
Medly,New York City,Healthcare,,1.0,2023-02-08,Series C,United States,100.0,2023.0
Nearmap,Sydney,Construction,,0.2,2023-02-08,Acquired,Australia,15.0,2023.0
Zoom,SF Bay Area,Other,1300.0,0.15,2023-02-07,Post-IPO,United States,276.0,2023.0
eBay,SF Bay Area,Retail,500.0,0.04,2023-02-07,Post-IPO,United States,1200.0,2023.0
SecureWorks,Atlanta,Security,212.0,0.09,2023-02-07,Post-IPO,United States,83.0,2023.0
Salesloft,Atlanta,Sales,100.0,0.1,2023-02-07,Acquired,United States,245.0,2023.0
Openpay,Melbourne,Finance,83.0,1.0,2023-02-07,Post-IPO,Australia,299.0,2023.0
LearnUpon,Dublin,Education,27.0,0.09,2023-02-07,Private Equity,Ireland,56.0,2023.0
Sana Benefits,Austin,HR,,0.19,2023-02-07,Series B,United States,106.0,2023.0
Dell,Austin,Hardware,6650.0,0.05,2023-02-06,Post-IPO,United States,,2023.0
Loggi,Sao Paulo,Logistics,300.0,0.07,2023-02-06,Series F,Brazil,507.0,2023.0
Catch.com.au,Melbourne,Retail,100.0,,2023-02-06,Acquired,Australia,80.0,2023.0
VinFast US,Los Angeles,Transportation,80.0,,2023-02-06,Subsidiary,United States,,2023.0
Drift,Boston,Marketing,59.0,,2023-02-06,Acquired,United States,107.0,2023.0
Pocket Aces,Mumbai,Media,50.0,0.25,2023-02-06,Unknown,India,19.0,2023.0
Clari,SF Bay Area,Sales,20.0,,2023-02-06,Series F,United States,496.0,2023.0
Daraz,Singapore,Retail,,0.11,2023-02-06,Unknown,Singapore,,2023.0
Kyruus,Boston,Healthcare,70.0,,2023-02-05,Unknown,United States,183.0,2023.0
Lightico,Tel Aviv,Finance,20.0,0.25,2023-02-05,Series B,Israel,42.0,2023.0
FarEye,New Delhi,Logistics,90.0,,2023-02-03,Series E,India,150.0,2023.0
Protocol Labs,SF Bay Area,Crypto,89.0,0.2,2023-02-03,Unknown,United States,10.0,2023.0
Finder,Sydney,Retail,,0.15,2023-02-03,Unknown,Australia,30.0,2023.0
Byju's,Bengaluru,Education,1500.0,,2023-02-02,Private Equity,India,5500.0,2023.0
Okta,SF Bay Area,Security,300.0,0.05,2023-02-02,Post-IPO,United States,1200.0,2023.0
Autodesk,SF Bay Area,Other,250.0,0.02,2023-02-02,Post-IPO,United States,,2023.0
Mindstrong,SF Bay Area,Healthcare,127.0,,2023-02-02,Series C,United States,160.0,2023.0
NCC Group,Manchester,Security,125.0,0.07,2023-02-02,Post-IPO,United Kingdom,,2023.0
Miro,SF Bay Area,Other,119.0,0.07,2023-02-02,Series C,United States,476.0,2023.0
Getir,New York City,Food,100.0,,2023-02-02,Series E,United States,1800.0,2023.0
Highspot,Seattle,Sales,100.0,0.1,2023-02-02,Series F,United States,644.0,2023.0
Bittrex,Seattle,Crypto,80.0,,2023-02-02,Unknown,United States,,2023.0
Snowplow,London,Data,40.0,,2023-02-02,Series B,United States,55.0,2023.0
Articulate,New York City,Education,38.0,,2023-02-02,Series A,United States,1500.0,2023.0
Getaround,SF Bay Area,Transportation,,0.1,2023-02-02,Post-IPO,United States,948.0,2023.0
NCSoft,Seoul,Consumer,,0.2,2023-02-02,Post-IPO,South Korea,240.0,2023.0
Splunk,SF Bay Area,Data,325.0,0.04,2023-02-01,Post-IPO,United States,2400.0,2023.0
Pinterest,SF Bay Area,Consumer,150.0,,2023-02-01,Post-IPO,United States,1500.0,2023.0
DraftKings,Boston,Consumer,140.0,0.04,2023-02-01,Post-IPO,United States,719.0,2023.0
Cyren,Washington D.C.,Security,121.0,,2023-02-01,Post-IPO,United States,161.0,2023.0
Workato,SF Bay Area,Other,90.0,0.1,2023-02-01,Series E,United States,415.0,2023.0
VerticalScope,Toronto,Media,60.0,0.22,2023-02-01,Post-IPO,Canada,,2023.0
Wheel,Austin,Healthcare,56.0,0.28,2023-02-01,Series C,United States,215.0,2023.0
Chainalysis,New York City,Crypto,44.0,0.05,2023-02-01,Series F,United States,536.0,2023.0
Appgate,Miami,Security,34.0,0.08,2023-02-01,Post-IPO,United States,,2023.0
Exterro,Portland,Legal,24.0,0.03,2023-02-01,Private Equity,United States,100.0,2023.0
TheSkimm,New York City,Media,17.0,0.1,2023-02-01,Series C,United States,28.0,2023.0
Bustle Digital Group,New York City,Media,,0.08,2023-02-01,Series E,United States,80.0,2023.0
Frequency Therapeutics,Boston,Healthcare,,0.5,2023-02-01,Post-IPO,United States,76.0,2023.0
MariaDB,Helsinki,Data,,0.08,2023-02-01,Post-IPO,Finland,245.0,2023.0
Match Group,New York City,Consumer,,0.08,2023-02-01,Post-IPO,United States,,2023.0
Rivian,Detroit,Transportation,,0.06,2023-02-01,Post-IPO,United States,10700.0,2023.0
PayPal,SF Bay Area,Finance,2000.0,0.07,2023-01-31,Post-IPO,United States,216.0,2023.0
NetApp,SF Bay Area,Data,960.0,0.08,2023-01-31,Post-IPO,United States,,2023.0
Workday,SF Bay Area,HR,525.0,0.03,2023-01-31,Post-IPO,United States,230.0,2023.0
HubSpot,Boston,Marketing,500.0,0.07,2023-01-31,Post-IPO,United States,100.0,2023.0
Upstart,SF Bay Area,Finance,365.0,0.2,2023-01-31,Post-IPO,United States,144.0,2023.0
Software AG,Frankfurt,Data,200.0,0.04,2023-01-31,Post-IPO,Germany,344.0,2023.0
Wish,SF Bay Area,Retail,150.0,0.17,2023-01-31,Post-IPO,United States,1600.0,2023.0
Wefox,Berlin,Finance,100.0,,2023-01-31,Series D,Germany,1300.0,2023.0
Tilting Point,New York City,Consumer,60.0,0.14,2023-01-31,Unknown,United States,235.0,2023.0
Gokada,Lagos,Transportation,54.0,,2023-01-31,Unknown,Nigeria,12.0,2023.0
AU10TIX,Tel Aviv,Security,19.0,0.09,2023-01-31,Unknown,Israel,80.0,2023.0
National Instruments,Austin,Hardware,,0.04,2023-01-31,Post-IPO,United States,,2023.0
OpenText,Waterloo,Data,,0.08,2023-01-31,Post-IPO,Canada,1100.0,2023.0
Philips,Amsterdam,Healthcare,6000.0,0.13,2023-01-30,Post-IPO,Netherlands,,2023.0
OLX Group,Amsterdam,Marketing,1500.0,0.15,2023-01-30,Acquired,Netherlands,,2023.0
Arrival,London,Transportation,800.0,0.5,2023-01-30,Post-IPO,United Kingdom,629.0,2023.0
Groupon,Chicago,Retail,500.0,,2023-01-30,Post-IPO,United States,1400.0,2023.0
Intel,SF Bay Area,Hardware,343.0,,2023-01-30,Post-IPO,United States,12.0,2023.0
Glovo,Barcelona,Food,250.0,0.06,2023-01-30,Acquired,Spain,1200.0,2023.0
Delivery Hero,Berlin,Food,156.0,0.04,2023-01-30,Post-IPO,Germany,9900.0,2023.0
Impossible Foods copy,SF Bay Area,Food,140.0,0.2,2023-01-30,Series H,United States,1900.0,2023.0
Chrono24,Karlsruhe,Retail,65.0,0.13,2023-01-30,Series C,Germany,205.0,2023.0
BM Technologies,Philadelphia,Finance,,0.25,2023-01-30,Post-IPO,United States,,2023.0
Prime Trust,Las Vegas,Crypto,,0.33,2023-01-30,Series B,United States,176.0,2023.0
Quantum SI,New Haven,Healthcare,,0.12,2023-01-30,Post-IPO,United States,425.0,2023.0
Me Poupe,Sao Paulo,Finance,60.0,0.5,2023-01-28,Unknown,Brazil,,2023.0
CoinTracker,SF Bay Area,Crypto,19.0,,2023-01-28,Series A,United States,101.0,2023.0
SSense,Montreal,Retail,138.0,0.07,2023-01-27,Series A,Canada,,2023.0
DealShare,Bengaluru,Retail,100.0,0.06,2023-01-27,Series E,India,390.0,2023.0
Ruggable,Los Angeles,Retail,100.0,,2023-01-27,Seed,United States,,2023.0
Synopsys,SF Bay Area,Other,100.0,,2023-01-27,Post-IPO,United States,,2023.0
Heycar,Berlin,Transportation,73.0,,2023-01-27,Unknown,Germany,,2023.0
Matrixport,Singapore,Crypto,29.0,0.1,2023-01-27,Series C,Singapore,100.0,2023.0
Shakepay,Montreal,Crypto,21.0,0.25,2023-01-27,Series A,Canada,45.0,2023.0
#Paid,Toronto,Marketing,19.0,0.17,2023-01-27,Series B,Canada,21.0,2023.0
SAP,Walldorf,Other,3000.0,0.03,2023-01-26,Post-IPO,Germany,1300.0,2023.0
Confluent,SF Bay Area,Data,221.0,0.08,2023-01-26,Post-IPO,United States,455.0,2023.0
DriveWealth,Jersey City,Finance,,0.2,2023-01-26,Series D,United States,550.0,2023.0
Mode Global,London,Finance,,1.0,2023-01-26,Post-IPO,United Kingdom,,2023.0
Plus One Robotics,San Antonio,Other,,0.1,2023-01-26,Series B,United States,43.0,2023.0
IBM,New York City,Hardware,3900.0,0.02,2023-01-25,Post-IPO,United States,,2023.0
Lam Research,SF Bay Area,Hardware,1300.0,0.07,2023-01-25,Post-IPO,United States,,2023.0
Shutterfly,SF Bay Area,Retail,360.0,,2023-01-25,Acquired,United States,50.0,2023.0
Luno,London,Crypto,330.0,0.35,2023-01-25,Acquired,United Kingdom,13.0,2023.0
Clear Capital,Reno,Real Estate,250.0,0.25,2023-01-25,Unknown,United States,,2023.0
Guardant Health,SF Bay Area,Healthcare,130.0,0.07,2023-01-25,Post-IPO,United States,550.0,2023.0
SirionLabs,Seattle,Legal,130.0,0.15,2023-01-25,Series D,United States,171.0,2023.0
Tier Mobility,Berlin,Transportation,80.0,0.07,2023-01-25,Series D,Germany,646.0,2023.0
PagSeguro,Sao Paulo,Finance,,0.07,2023-01-25,Post-IPO,Brazil,,2023.0
Prosus,Amsterdam,Other,,0.3,2023-01-25,Unknown,Netherlands,,2023.0
Vacasa,Portland,Travel,1300.0,0.17,2023-01-24,Post-IPO,United States,834.0,2023.0
Innovaccer,SF Bay Area,Healthcare,245.0,0.15,2023-01-24,Series E,United States,379.0,2023.0
Bolt,SF Bay Area,Finance,50.0,0.1,2023-01-24,Series E,United States,1300.0,2023.0
PartnerStack,Toronto,Sales,40.0,0.2,2023-01-24,Series B,Canada,36.0,2023.0
Gitpod,Kiel,Product,21.0,0.28,2023-01-24,Series A,Germany,41.0,2023.0
OFFOR Health,Columbus,Healthcare,16.0,,2023-01-24,Series A,United States,14.0,2023.0
Venngage,Toronto,Marketing,11.0,0.2,2023-01-24,Unknown,Canada,,2023.0
CoachHub,Berlin,HR,,0.1,2023-01-24,Series C,Germany,332.0,2023.0
Corvus Insurance,Boston,Finance,,0.14,2023-01-24,Series C,United States,160.0,2023.0
PagerDuty,SF Bay Area,Product,,0.07,2023-01-24,Post-IPO,United States,173.0,2023.0
Scoro,London,HR,,0.09,2023-01-24,Series B,United Kingdom,23.0,2023.0
Spotify,Stockholm,Media,600.0,0.06,2023-01-23,Post-IPO,Sweden,2100.0,2023.0
Uber Freight,SF Bay Area,Logistics,150.0,0.03,2023-01-23,Subsidiary,United States,2700.0,2023.0
Inmobi,Bengaluru,Marketing,50.0,,2023-01-23,Unknown,India,320.0,2023.0
Innovid,New York City,Marketing,40.0,0.1,2023-01-23,Post-IPO,United States,295.0,2023.0
Booktopia,Sydney,Retail,30.0,,2023-01-23,Series A,Australia,23.0,2023.0
Ermetic,SF Bay Area,Security,30.0,0.17,2023-01-23,Series B,United States,97.0,2023.0
Namogoo,Tel Aviv,Marketing,20.0,0.15,2023-01-23,Series C,United States,69.0,2023.0
Camp K12,Gurugram,Education,,0.7,2023-01-23,Series A,India,16.0,2023.0
Gemini,New York City,Crypto,,0.1,2023-01-23,Unknown,United States,423.0,2023.0
Yext,New York City,Marketing,,0.08,2023-01-23,Post-IPO,United States,117.0,2023.0
Google,SF Bay Area,Consumer,12000.0,0.06,2023-01-20,Post-IPO,United States,26.0,2023.0
Wayfair,Boston,Retail,1750.0,0.1,2023-01-20,Post-IPO,United States,1700.0,2023.0
Swiggy,Bengaluru,Food,380.0,0.06,2023-01-20,Unknown,India,3600.0,2023.0
MediBuddy,Bengaluru,Healthcare,200.0,,2023-01-20,Acquired,India,192.0,2023.0
Vox Media,Washington D.C.,Media,130.0,0.07,2023-01-20,Series F,United States,307.0,2023.0
BitTorrent,SF Bay Area,Infrastructure,92.0,,2023-01-20,Acquired,United States,,2023.0
Karat,Seattle,HR,47.0,,2023-01-20,Unknown,United States,169.0,2023.0
Enjoei,Sao Paulo,Retail,31.0,0.1,2023-01-20,Unknown,Brazil,14.0,2023.0
Edifecs,Seattle,Healthcare,30.0,,2023-01-20,Unknown,United States,1.0,2023.0
Citrine Informatics,SF Bay Area,Data,22.0,0.27,2023-01-20,Series C,United States,64.0,2023.0
Cyteir Therapeutics,Boston,Healthcare,,0.7,2023-01-20,Series C,United States,156.0,2023.0
Capital One,Washington D.C.,Finance,1100.0,,2023-01-19,Post-IPO,United States,,2023.0
Proterra,SF Bay Area,Transportation,300.0,,2023-01-19,Post-IPO,United States,1200.0,2023.0
WeWork,New York City,Real Estate,300.0,,2023-01-19,Post-IPO,United States,22200.0,2023.0
Hubilo,SF Bay Area,Other,115.0,0.35,2023-01-19,Series B,United States,153.0,2023.0
Saks.com,New York City,Retail,100.0,0.05,2023-01-19,Unknown,United States,965.0,2023.0
CS Disco,Austin,Legal,62.0,0.09,2023-01-19,Post-IPO,United States,233.0,2023.0
Riot Games,Los Angeles,Consumer,46.0,,2023-01-19,Acquired,United States,21.0,2023.0
Hydrow,Boston,Fitness,30.0,,2023-01-19,Series D,United States,269.0,2023.0
Earth Rides,Nashville,Transportation,,1.0,2023-01-19,Unknown,United States,2.0,2023.0
Magnite,Los Angeles,Marketing,,0.06,2023-01-19,Post-IPO,United States,400.0,2023.0
Mudafy,Mexico City,Real Estate,,0.7,2023-01-19,Series A,United States,13.0,2023.0
Personalis,SF Bay Area,Healthcare,,0.3,2023-01-19,Post-IPO,United States,225.0,2023.0
Prisma,SF Bay Area,Data,,0.28,2023-01-19,Series B,United States,56.0,2023.0
Wallbox,Barcelona,Energy,,0.15,2023-01-19,Post-IPO,Spain,167.0,2023.0
Microsoft,Seattle,Other,10000.0,0.05,2023-01-18,Post-IPO,United States,1.0,2023.0
Sophos,Oxford,Security,450.0,0.1,2023-01-18,Acquired,United States,125.0,2023.0
Teladoc Health,New York City,Healthcare,300.0,0.06,2023-01-18,Post-IPO,United States,172.0,2023.0
Vroom,New York City,Transportation,275.0,0.2,2023-01-18,Post-IPO,United States,1300.0,2023.0
8x8,SF Bay Area,Support,155.0,0.07,2023-01-18,Post-IPO,United States,253.0,2023.0
Pagaya,New York City,Finance,140.0,0.2,2023-01-18,Post-IPO,United States,571.0,2023.0
Benevity,Calgary,Other,137.0,0.14,2023-01-18,Unknown,Canada,69.0,2023.0
Inspirato,Denver,Travel,109.0,0.12,2023-01-18,Post-IPO,United States,179.0,2023.0
Jumpcloud,Boulder,Security,100.0,0.12,2023-01-18,Series F,United States,416.0,2023.0
nCino,Wilmington,Finance,100.0,0.07,2023-01-18,Post-IPO,United States,1100.0,2023.0
Starry,Boston,Other,100.0,0.24,2023-01-18,Post-IPO,United States,260.0,2023.0
Hootsuite,Vancouver,Marketing,70.0,0.07,2023-01-18,Series C,Canada,300.0,2023.0
Clue,Berlin,Healthcare,31.0,0.31,2023-01-18,Unknown,Germany,47.0,2023.0
Addepar,SF Bay Area,Finance,20.0,0.03,2023-01-18,Series F,United States,491.0,2023.0
80 Acres Farms,Cincinnati,Food,,0.1,2023-01-18,Unknown,United States,275.0,2023.0
Aiven,Helsinki,Infrastructure,,0.2,2023-01-18,Series D,Finland,420.0,2023.0
Bally's Interactive,Providence,,,0.15,2023-01-18,Post-IPO,United States,946.0,2023.0
Betterfly,Santiago,Healthcare,,0.3,2023-01-18,Series C,Chile,204.0,2023.0
Lucid Diagnostics,New York City,Healthcare,,0.2,2023-01-18,Post-IPO,United States,,2023.0
Redbubble,Melbourne,Retail,,0.14,2023-01-18,Post-IPO,Australia,55.0,2023.0
Lightspeed Commerce,Montreal,Retail,300.0,0.1,2023-01-17,Post-IPO,Canada,1200.0,2023.0
Unity,SF Bay Area,Other,284.0,0.03,2023-01-17,Post-IPO,United States,1300.0,2023.0
Britishvolt,London,Transportation,206.0,1.0,2023-01-17,Unknown,United Kingdom,2400.0,2023.0
Clutch,Toronto,Transportation,150.0,,2023-01-17,Unknown,Canada,253.0,2023.0
Exotel,Bengaluru,Support,142.0,0.15,2023-01-17,Series D,India,87.0,2023.0
Unico,Sao Paulo,Other,110.0,0.1,2023-01-17,Series D,Brazil,336.0,2023.0
Tul,Bogota,Construction,100.0,,2023-01-17,Series B,Colombia,218.0,2023.0
American Robotics,Boston,Other,50.0,0.65,2023-01-17,Acquired,United States,92.0,2023.0
Luxury Presence,Los Angeles,Real Estate,44.0,,2023-01-17,Series B,United States,31.0,2023.0
RingCentral,SF Bay Area,Other,30.0,,2023-01-17,Post-IPO,United States,44.0,2023.0
GoMechanic,Gurugram,Transportation,,0.7,2023-01-17,Series C,India,54.0,2023.0
LiveVox,SF Bay Area,Support,,0.16,2023-01-17,Post-IPO,United States,12.0,2023.0
PagBank,Sao Paulo,Finance,500.0,0.07,2023-01-16,Post-IPO,Brazil,,2023.0
ShareChat,Bengaluru,Consumer,500.0,0.2,2023-01-16,Series H,India,1700.0,2023.0
Gramophone,Indore,Food,75.0,,2023-01-16,Series B,India,17.0,2023.0
ClearCo,Toronto,Finance,50.0,0.3,2023-01-16,Series C,Canada,698.0,2023.0
Dunzo,Bengaluru,Food,,0.03,2023-01-16,Unknown,India,382.0,2023.0
Ignition,Sydney,Finance,,0.1,2023-01-16,Series C,Australia,74.0,2023.0
Rebel Foods,Mumbai,Food,,0.02,2023-01-16,Unknown,India,548.0,2023.0
Captain Fresh,Bengaluru,Food,120.0,,2023-01-15,Series C,India,126.0,2023.0
Snappy,New York City,Marketing,100.0,0.3,2023-01-15,Series C,United States,104.0,2023.0
BharatAgri,Mumbai,Food,40.0,0.43,2023-01-15,Series A,India,21.0,2023.0
DeHaat,Patna,Food,,0.05,2023-01-15,Series E,India,254.0,2023.0
Black Shark,Shenzen,Hardware,900.0,,2023-01-13,Unknown,China,,2023.0
Ola,Bengaluru,Transportation,200.0,,2023-01-13,Series J,India,5000.0,2023.0
Bonterra,Austin,Other,140.0,0.1,2023-01-13,Unknown,United States,,2023.0
Vial,SF Bay Area,Healthcare,40.0,,2023-01-13,Series B,United States,101.0,2023.0
Arch Oncology,Brisbane,Healthcare,,1.0,2023-01-13,Series C,United States,155.0,2023.0
Jellyfish,Boston,Product,,0.09,2023-01-13,Series C,United States,114.0,2023.0
Lending Club,SF Bay Area,Finance,225.0,0.14,2023-01-12,Post-IPO,United States,392.0,2023.0
SmartNews,Tokyo,Media,120.0,0.4,2023-01-12,Series F,United States,410.0,2023.0
Skit.ai,Bengaluru,Support,115.0,,2023-01-12,Series B,India,28.0,2023.0
Pier,Sao Paulo,Finance,111.0,0.39,2023-01-12,Series B,Brazil,42.0,2023.0
Blockchain.com,London,Crypto,110.0,0.28,2023-01-12,Series D,United Kingdom,490.0,2023.0
Greenlight,Atlanta,Finance,104.0,0.21,2023-01-12,Series D,United States,556.0,2023.0
Cashfree Payments,Bengaluru,Finance,100.0,,2023-01-12,Series B,India,41.0,2023.0
Mapbox,Washington D.C.,Data,64.0,,2023-01-12,Unknown,United States,334.0,2023.0
Definitive Healthcare,Boston,Healthcare,55.0,0.06,2023-01-12,Post-IPO,United States,,2023.0
Akili Labs,Baltimore,Healthcare,46.0,0.3,2023-01-12,Seed,United States,,2023.0
Career Karma,SF Bay Area,Education,22.0,,2023-01-12,Series B,United States,51.0,2023.0
Crypto.com,Singapore,Crypto,,0.2,2023-01-12,Unknown,United States,,2023.0
Lattice,SF Bay Area,HR,,0.15,2023-01-12,Series F,United States,328.0,2023.0
Life360,SF Bay Area,Consumer,,0.14,2023-01-12,Post-IPO,United States,158.0,2023.0
Rock Content,Miami,Marketing,,0.15,2023-01-12,Series B,United States,34.0,2023.0
Flexport,SF Bay Area,Logistics,640.0,0.2,2023-01-11,Series E,United States,2400.0,2023.0
Qualtrics,Salt Lake City,Other,270.0,0.05,2023-01-11,Post-IPO,United States,400.0,2023.0
Verily,SF Bay Area,Healthcare,250.0,0.15,2023-01-11,,United States,3500.0,2023.0
Tipalti,SF Bay Area,Finance,123.0,0.11,2023-01-11,Series F,United States,565.0,2023.0
Jumio,SF Bay Area,Security,100.0,0.06,2023-01-11,Private Equity,United States,205.0,2023.0
CoinDCX,Mumbai,Crypto,80.0,,2023-01-11,Series D,India,244.0,2023.0
HashiCorp,SF Bay Area,Security,69.0,,2023-01-11,Post-IPO,United States,349.0,2023.0
Embark,Boston,Healthcare,41.0,,2023-01-11,Series B,United States,94.0,2023.0
Intrinsic,SF Bay Area,Other,40.0,0.2,2023-01-11,Acquired,United States,,2023.0
Citizen,New York City,Consumer,33.0,,2023-01-11,Series C,United States,133.0,2023.0
Carta,SF Bay Area,HR,,0.1,2023-01-11,Series G,United States,1100.0,2023.0
Limeade,Seattle,HR,,0.15,2023-01-11,Series C,United States,33.0,2023.0
Paddle,London,Finance,,0.08,2023-01-11,Series D,United Kingdom,293.0,2023.0
Coinbase,SF Bay Area,Crypto,950.0,0.2,2023-01-10,Post-IPO,United States,549.0,2023.0
Informatica,SF Bay Area,Data,450.0,0.07,2023-01-10,Post-IPO,United States,,2023.0
Blend,SF Bay Area,Finance,340.0,0.28,2023-01-10,Post-IPO,United States,665.0,2023.0
Till Payments,Sydney,Finance,120.0,,2023-01-10,Series C,Australia,95.0,2023.0
ConsenSys,New York City,Crypto,100.0,0.11,2023-01-10,Series D,United States,726.0,2023.0
ForeScout,SF Bay Area,Security,100.0,0.1,2023-01-10,Post-IPO,United States,125.0,2023.0
Thinkific,Vancouver,Education,76.0,0.19,2023-01-10,Post-IPO,Canada,22.0,2023.0
LEAD,Mumbai,Education,60.0,,2023-01-10,Series E,India,190.0,2023.0
Parler,Nashville,Consumer,60.0,0.75,2023-01-10,Series B,United States,36.0,2023.0
GoBolt,Toronto,Logistics,55.0,0.05,2023-01-10,Series C,Canada,178.0,2023.0
Relevel,Bengaluru,HR,40.0,0.2,2023-01-10,,India,,2023.0
StreamElements,Tel Aviv,Media,40.0,0.2,2023-01-10,Series B,Israel,111.0,2023.0
Beamery,London,HR,,0.12,2023-01-10,Series D,United States,223.0,2023.0
Citrix,Miami,Infrastructure,,0.15,2023-01-10,Acquired,United States,20.0,2023.0
Esper,Seattle,Other,,0.21,2023-01-10,Series A,United States,10.0,2023.0
WHOOP,Boston,Fitness,,0.04,2023-01-10,Series F,United States,404.0,2023.0
Fate Therapeutics,San Diego,Healthcare,315.0,0.57,2023-01-09,Post-IPO,United States,1200.0,2023.0
Editas Medicine,Boston,Healthcare,,0.2,2023-01-09,Post-IPO,United States,656.0,2023.0
Scale AI,SF Bay Area,Data,,0.2,2023-01-09,Series E,United States,602.0,2023.0
Minute Media,London,Media,50.0,0.1,2023-01-08,Series I,United Kingdom,160.0,2023.0
WalkMe,SF Bay Area,Other,43.0,0.03,2023-01-08,Post-IPO,United States,307.0,2023.0
Huobi,Beijing,Crypto,275.0,0.2,2023-01-06,Unknown,China,2.0,2023.0
Carbon Health,SF Bay Area,Healthcare,200.0,,2023-01-06,Series D,United States,522.0,2023.0
Bounce,Bengaluru,Transportation,40.0,0.05,2023-01-06,Series D,India,214.0,2023.0
Lantern,Grand Rapids,Retail,,1.0,2023-01-06,Seed,United States,40.0,2023.0
Mojo Vision,SF Bay Area,Hardware,,0.75,2023-01-06,Series B,United States,204.0,2023.0
SuperRare,Wilmington,Crypto,,0.3,2023-01-06,Series A,United States,9.0,2023.0
Cue,San Diego,Healthcare,388.0,,2023-01-05,Post-IPO,United States,999.0,2023.0
SoundHound,SF Bay Area,Other,200.0,0.5,2023-01-05,Post-IPO,United States,326.0,2023.0
Socure,Reno,Finance,104.0,0.19,2023-01-05,Series E,United States,646.0,2023.0
Genesis,New York City,Crypto,60.0,0.3,2023-01-05,Series A,United States,,2023.0
Moglix,Singapore,Retail,40.0,0.02,2023-01-05,Series F,Singapore,472.0,2023.0
Twitter,SF Bay Area,Consumer,40.0,,2023-01-05,Post-IPO,United States,12900.0,2023.0
Everlane,SF Bay Area,Retail,30.0,0.17,2023-01-05,Unknown,United States,176.0,2023.0
Pecan AI,Tel Aviv,Data,30.0,0.25,2023-01-05,Series C,Israel,116.0,2023.0
Personetics,New York City,Support,30.0,0.08,2023-01-05,Private Equity,United States,178.0,2023.0
Twine Solutions,Tel Aviv,Hardware,30.0,0.33,2023-01-05,Unknown,Israel,50.0,2023.0
UpScalio,Gurugram,Retail,25.0,0.15,2023-01-05,Series B,India,62.0,2023.0
Attentive,New York City,Marketing,,0.15,2023-01-05,Series E,United States,863.0,2023.0
Stitch Fix,SF Bay Area,Retail,,0.2,2023-01-05,Post-IPO,United States,79.0,2023.0
TCR2,Boston,Healthcare,,0.4,2023-01-05,Post-IPO,United States,173.0,2023.0
Amazon,Seattle,Retail,8000.0,0.02,2023-01-04,Post-IPO,United States,108.0,2023.0
Salesforce,SF Bay Area,Sales,8000.0,0.1,2023-01-04,Post-IPO,United States,65.0,2023.0
Astronomer,Cincinnati,Data,76.0,0.2,2023-01-04,Series C,United States,282.0,2023.0
Kaltura,New York City,Media,75.0,0.11,2023-01-04,Post-IPO,United States,166.0,2023.0
Augury,New York City,Manufacturing,20.0,0.05,2023-01-04,Series E,United States,274.0,2023.0
Butterfly Network,Boston,Healthcare,,0.25,2023-01-04,Post-IPO,United States,530.0,2023.0
Vimeo,New York City,Consumer,,0.11,2023-01-04,Post-IPO,United States,450.0,2023.0
Wyre,SF Bay Area,Crypto,,1.0,2023-01-04,Unknown,United States,29.0,2023.0
Pegasystems,Boston,HR,245.0,0.04,2023-01-03,Post-IPO,United States,,2023.0
Uniphore,SF Bay Area,Support,76.0,0.1,2023-01-03,Series E,United States,620.0,2023.0
Harappa,New Delhi,Education,60.0,0.3,2023-01-03,Acquired,India,,2023.0
ByteDance,Shanghai,Consumer,,0.1,2023-01-03,Unknown,China,9400.0,2023.0
Amdocs,St. Louis,Support,700.0,0.03,2023-01-02,Post-IPO,United States,,2023.0
Bilibili,Shanghai,Media,,0.3,2022-12-27,Post-IPO,China,3700.0,2022.0
Octopus Network,Beau Vallon,Crypto,,0.4,2022-12-27,Series A,Seychelles,8.0,2022.0
PayU,Amsterdam,Finance,150.0,0.06,2022-12-26,Acquired,Netherlands,,2022.0
Element,London,Other,,0.15,2022-12-25,Series B,United Kingdom,96.0,2022.0
Willow,Sydney,Real Estate,99.0,0.22,2022-12-23,Unknown,Australia,,2022.0
Back Market,Paris,Retail,93.0,0.13,2022-12-23,Series E,France,1000.0,2022.0
Zoopla,London,Real Estate,50.0,,2022-12-23,Series C,United Kingdom,25.0,2022.0
Qualcomm,San Diego,Hardware,153.0,,2022-12-22,Post-IPO,United States,,2022.0
TuSimple,San Diego,Transportation,350.0,0.25,2022-12-21,Post-IPO,United States,648.0,2022.0
Lendis,Berlin,Other,,0.5,2022-12-21,Series A,Germany,90.0,2022.0
Chope,Singapore,Food,65.0,0.24,2022-12-20,Series E,Singapore,50.0,2022.0
Briza,Toronto,Finance,26.0,0.4,2022-12-20,Series A,Canada,10.0,2022.0
Zhihu,Beijing,Consumer,,0.1,2022-12-20,Series F,China,892.0,2022.0
Homebot,Denver,Real Estate,18.0,0.13,2022-12-19,Acquired,United States,4.0,2022.0
YourGrocer,Melbourne,Food,,1.0,2022-12-19,Unknown,Australia,2.0,2022.0
Tomorrow,Hamburg,Finance,30.0,0.25,2022-12-16,Unknown,Germany,29.0,2022.0
Revelate,Montreal,Data,24.0,0.3,2022-12-16,Series A,Canada,26.0,2022.0
Improbable,London,Other,,0.1,2022-12-16,Unknown,United Kingdom,704.0,2022.0
Modern Treasury,SF Bay Area,Finance,,0.18,2022-12-16,Series C,United States,183.0,2022.0
Reach,Calgary,Retail,,0.12,2022-12-16,Series A,Canada,30.0,2022.0
SonderMind,Denver,Healthcare,,0.15,2022-12-16,Series C,United States,183.0,2022.0
BigCommerce,Austin,Retail,180.0,0.13,2022-12-15,Post-IPO,United States,224.0,2022.0
Freshworks,SF Bay Area,Support,90.0,0.02,2022-12-15,Post-IPO,United States,484.0,2022.0
LeafLink,New York City,Other,80.0,0.31,2022-12-15,Series C,United States,379.0,2022.0
Workmotion,Berlin,HR,60.0,0.2,2022-12-15,Series B,United States,76.0,2022.0
Apollo,SF Bay Area,Product,,0.15,2022-12-15,Series D,United States,183.0,2022.0
JD.ID,Jakarta,Retail,200.0,0.3,2022-12-14,Post-IPO,Indonesia,5100.0,2022.0
GoStudent,Vienna,Education,100.0,,2022-12-14,Series D,Austria,686.0,2022.0
Quanergy Systems,SF Bay Area,Transportation,72.0,,2022-12-14,Post-IPO,United States,175.0,2022.0
Headspace,Los Angeles,Healthcare,50.0,0.04,2022-12-14,Unknown,United States,215.0,2022.0
ChowNow,Los Angeles,Food,40.0,0.1,2022-12-14,Series C,United States,64.0,2022.0
Thumbtack,SF Bay Area,Consumer,160.0,0.14,2022-12-13,Series I,United States,698.0,2022.0
Edgio,Phoenix,Infrastructure,95.0,0.1,2022-12-13,Post-IPO,United States,462.0,2022.0
Komodo Health,SF Bay Area,Healthcare,78.0,0.09,2022-12-13,Series E,United States,514.0,2022.0
Viant,Los Angeles,Marketing,46.0,0.13,2022-12-13,Post-IPO,United States,,2022.0
Pluralsight,Salt Lake City,Education,400.0,0.2,2022-12-12,Acquired,United States,192.0,2022.0
Freshly,Phoenix,Food,329.0,,2022-12-12,Acquired,United States,107.0,2022.0
Balto,St. Louis,Sales,35.0,,2022-12-12,Series B,United States,51.0,2022.0
Outschool,SF Bay Area,Education,43.0,0.25,2022-12-10,Series D,United States,240.0,2022.0
Xentral,Munich,Product,20.0,0.1,2022-12-10,Series B,Germany,94.0,2022.0
Playtika,Tel Aviv,Consumer,600.0,0.15,2022-12-09,Post-IPO,Israel,,2022.0
Share Now,Berlin,Transportation,150.0,0.36,2022-12-09,Acquired,Germany,,2022.0
Alice,Sao Paulo,Healthcare,113.0,0.16,2022-12-09,Series C,Brazil,174.0,2022.0
Primer,London,Finance,85.0,0.33,2022-12-09,Series B,United Kingdom,73.0,2022.0
OneFootball,Berlin,Marketing,62.0,0.115,2022-12-09,Series D,Germany,442.0,2022.0
C2FO,Kansas City,Finance,20.0,0.02,2022-12-09,Series H,United States,537.0,2022.0
Brodmann17,Tel Aviv,Other,,1.0,2022-12-09,Series A,Israel,25.0,2022.0
Digital Surge,Brisbane,Crypto,,1.0,2022-12-09,Unknown,Australia,,2022.0
ZenLedger,Seattle,Crypto,,0.1,2022-12-09,Series B,United States,25.0,2022.0
Airtable,SF Bay Area,Product,254.0,0.2,2022-12-08,Series F,United States,1400.0,2022.0
Swiggy,Bengaluru,Food,250.0,0.03,2022-12-08,Unknown,India,3600.0,2022.0
Glints,Singapore,HR,198.0,0.18,2022-12-08,Series D,Singapore,82.0,2022.0
Buser,Sao Paulo,Transportation,160.0,0.3,2022-12-08,Series C,Brazil,138.0,2022.0
BlackLine,Los Angeles,Finance,95.0,0.05,2022-12-08,Private Equity,United States,220.0,2022.0
Chrono24,Karlsruhe,Retail,80.0,,2022-12-08,Series C,Germany,205.0,2022.0
Otonomo,Tel Aviv,Transportation,80.0,0.5,2022-12-08,Post-IPO,Israel,231.0,2022.0
TechTarget,Boston,Marketing,60.0,0.05,2022-12-08,Post-IPO,United States,115.0,2022.0
Inscripta,Boulder,Healthcare,43.0,,2022-12-08,Series E,United States,459.0,2022.0
CyCognito,SF Bay Area,Security,30.0,0.15,2022-12-08,Series C,United States,153.0,2022.0
Armis,SF Bay Area,Security,25.0,0.04,2022-12-08,Private Equity,United States,537.0,2022.0
Bakkt,Atlanta,Crypto,,0.15,2022-12-08,Post-IPO,United States,932.0,2022.0
Blue Apron,New York City,Food,,0.1,2022-12-08,Post-IPO,United States,352.0,2022.0
Nerdy,St. Louis,Education,,0.17,2022-12-08,Post-IPO,United States,150.0,2022.0
Vanta,SF Bay Area,Security,,0.14,2022-12-08,Series B,United States,203.0,2022.0
Vedantu,Bengaluru,Education,385.0,,2022-12-07,Series E,India,292.0,2022.0
Loft,Sao Paulo,Real Estate,312.0,0.12,2022-12-07,Unknown,Brazil,788.0,2022.0
Plaid,SF Bay Area,Finance,260.0,0.2,2022-12-07,Series D,United States,734.0,2022.0
Motive,SF Bay Area,Transportation,237.0,0.06,2022-12-07,Series F,United States,567.0,2022.0
Recur Forever,Miami,Crypto,235.0,,2022-12-07,Series A,United States,55.0,2022.0
Relativity,Chicago,Legal,150.0,0.1,2022-12-07,Private Equity,United States,125.0,2022.0
Voi,Stockholm,Transportation,130.0,0.13,2022-12-07,Series D,United States,515.0,2022.0
Integral Ad Science,New York City,Marketing,120.0,0.13,2022-12-07,Acquired,United States,116.0,2022.0
Houzz,SF Bay Area,Consumer,95.0,0.08,2022-12-07,Series E,United States,613.0,2022.0
Grover,Berlin,Retail,40.0,0.1,2022-12-07,Unknown,United States,2300.0,2022.0
Lev,New York City,Real Estate,30.0,0.3,2022-12-07,Series B,United States,114.0,2022.0
Lithic,New York City,Finance,27.0,0.18,2022-12-07,Series C,United States,115.0,2022.0
CircleCI,SF Bay Area,Product,,0.17,2022-12-07,Series F,United States,315.0,2022.0
Sayurbox,Jakarta,Food,,0.05,2022-12-07,Series C,Indonesia,139.0,2022.0
Doma,SF Bay Area,Finance,515.0,0.4,2022-12-06,Post-IPO,United States,679.0,2022.0
Intel,SF Bay Area,Hardware,201.0,,2022-12-06,Post-IPO,United States,12.0,2022.0
BuzzFeed,New York City,Media,180.0,0.12,2022-12-06,Post-IPO,United States,696.0,2022.0
Weedmaps,Los Angeles,Other,175.0,0.25,2022-12-06,Acquired,United States,,2022.0
Adobe,SF Bay Area,Marketing,100.0,,2022-12-06,Post-IPO,United States,2.0,2022.0
Chipper Cash,SF Bay Area,Finance,50.0,0.125,2022-12-06,Series C,United States,302.0,2022.0
Stash,New York City,Finance,32.0,0.08,2022-12-06,Unknown,United States,480.0,2022.0
Perimeter 81,Tel Aviv,Security,20.0,0.08,2022-12-06,Series C,Israel,165.0,2022.0
Koinly,London,Crypto,16.0,0.14,2022-12-06,Unknown,United Kingdom,,2022.0
Bridgit,Waterloo,Construction,13.0,0.13,2022-12-06,Series B,Canada,36.0,2022.0
Nextiva,Phoenix,Other,,0.17,2022-12-06,Private Equity,United States,200.0,2022.0
OneStudyTeam,Boston,Healthcare,,0.25,2022-12-06,Series D,United States,479.0,2022.0
Zuora,SF Bay Area,Finance,,0.11,2022-12-06,Post-IPO,United States,647.0,2022.0
Swyftx,Brisbane,Crypto,90.0,0.4,2022-12-05,Unknown,Australia,,2022.0
Aqua Security,Boston,Security,65.0,0.1,2022-12-05,Series E,United States,265.0,2022.0
DataRails,Tel Aviv,Finance,30.0,0.18,2022-12-05,Series B,Israel,103.0,2022.0
OYO,Gurugram,Travel,600.0,,2022-12-03,Series F,India,4000.0,2022.0
HealthifyMe,Bengaluru,Fitness,150.0,,2022-12-03,Series C,India,100.0,2022.0
Bybit,Singapore,Crypto,,0.3,2022-12-03,Unknown,Singapore,,2022.0
Cognyte,Tel Aviv,Security,100.0,0.05,2022-12-02,Unknown,Israel,,2022.0
ShareChat,Bengaluru,Consumer,100.0,,2022-12-02,Unknown,India,1700.0,2022.0
Polly,Burlington,Finance,47.0,0.15,2022-12-02,Series C,United States,184.0,2022.0
Lora DiCarlo,Bend,Consumer,,1.0,2022-12-02,Unknown,United States,9.0,2022.0
Carousell,Singapore,Retail,110.0,0.1,2022-12-01,Private Equity,Singapore,372.0,2022.0
Bizzabo,New York City,Marketing,100.0,0.37,2022-12-01,Series E,United States,194.0,2022.0
BloomTech,SF Bay Area,Education,88.0,0.5,2022-12-01,Unknown,United States,,2022.0
Netlify,SF Bay Area,Product,48.0,0.16,2022-12-01,Series D,United States,212.0,2022.0
Springbig,Miami,Sales,37.0,0.23,2022-12-01,Post-IPO,United States,32.0,2022.0
Podium,Lehi,Support,,0.12,2022-12-01,Series D,United States,419.0,2022.0
SQZ Biotech,Boston,Healthcare,,0.6,2022-12-01,Post-IPO,United States,229.0,2022.0
Strava,SF Bay Area,Fitness,,0.14,2022-12-01,Series F,United States,151.0,2022.0
Synlogic,Boston,Healthcare,,0.25,2022-12-01,Post-IPO,United States,321.0,2022.0
DoorDash,SF Bay Area,Food,1250.0,0.06,2022-11-30,Post-IPO,United States,2500.0,2022.0
Kraken,SF Bay Area,Crypto,1100.0,0.3,2022-11-30,Unknown,United States,134.0,2022.0
Happy Money,Los Angeles,Finance,158.0,0.34,2022-11-30,Series D,United States,191.0,2022.0
Ula,Jakarta,Retail,134.0,0.23,2022-11-30,Series B,Indonesia,140.0,2022.0
Wonder,New York City,Food,130.0,0.07,2022-11-30,Series B,United States,850.0,2022.0
StudySmarter,Berlin,Education,70.0,,2022-11-30,Series A,Germany,64.0,2022.0
Grin,Sacramento,Marketing,60.0,0.13,2022-11-30,Series B,United States,145.0,2022.0
Ualá,Buenos Aires,Finance,53.0,0.03,2022-11-30,Series D,Argentina,544.0,2022.0
Teachmint,Bengaluru,Education,45.0,0.05,2022-11-30,Series B,India,118.0,2022.0
Etermax,Buenos Aires,Other,40.0,,2022-11-30,Unknown,Argentina,,2022.0
Thread,London,Retail,30.0,0.5,2022-11-30,Acquired,United Kingdom,40.0,2022.0
Elastic,SF Bay Area,Data,,0.13,2022-11-30,Post-IPO,United States,162.0,2022.0
Sana,Seattle,Healthcare,,0.15,2022-11-30,Series A,United States,700.0,2022.0
Bitso,Mexico City,Crypto,100.0,,2022-11-29,Series C,Mexico,378.0,2022.0
Lyst,London,Retail,50.0,0.25,2022-11-29,Unknown,United Kingdom,144.0,2022.0
CoinJar,Melbourne,Crypto,10.0,0.2,2022-11-29,Unknown,Australia,1.0,2022.0
Bitfront,SF Bay Area,Crypto,,1.0,2022-11-29,Unknown,United States,,2022.0
Codexis,SF Bay Area,Healthcare,,0.18,2022-11-29,Post-IPO,United States,162.0,2022.0
Firework,SF Bay Area,Retail,,0.1,2022-11-29,Series B,United States,269.0,2022.0
MessageBird,Amsterdam,Other,,0.31,2022-11-29,Series C,Netherlands,1100.0,2022.0
Plerk,Guadalajara,Finance,,0.4,2022-11-29,Series A,Mexico,13.0,2022.0
Infarm,Berlin,Other,500.0,0.5,2022-11-28,Series D,Germany,604.0,2022.0
Wildlife Studios,Sao Paulo,Consumer,300.0,0.2,2022-11-28,Unknown,Brazil,260.0,2022.0
Hirect,Bengaluru,Recruiting,200.0,0.4,2022-11-28,Series A,India,,2022.0
ApplyBoard,Waterloo,Education,90.0,0.06,2022-11-28,Series D,Canada,483.0,2022.0
Ajaib,Jakarta,Finance,67.0,0.08,2022-11-28,Unknown,Indonesia,245.0,2022.0
Candy Digital,New York City,Crypto,33.0,0.33,2022-11-28,Series A,United States,100.0,2022.0
ResearchGate,Berlin,Other,25.0,0.1,2022-11-28,Series D,Germany,87.0,2022.0
BlockFi,New York City,Crypto,,1.0,2022-11-28,Series E,United States,1000.0,2022.0
NCX,SF Bay Area,Energy,,0.4,2022-11-28,Series B,United States,78.0,2022.0
Change Invest,Amsterdam,Finance,,0.24,2022-11-27,Unknown,Netherlands,22.0,2022.0
VerSe Innovation,Bengaluru,Media,150.0,0.05,2022-11-25,Series J,India,1700.0,2022.0
Carwow,London,Transportation,70.0,0.2,2022-11-25,Unknown,United Kingdom,157.0,2022.0
Vendease,Lagos,Food,27.0,0.09,2022-11-25,Series A,Nigeria,43.0,2022.0
Lemon,Buenos Aires,Crypto,100.0,0.38,2022-11-24,Series A,Argentina,17.0,2022.0
Quidax,Lagos,Crypto,20.0,0.2,2022-11-24,Unknown,Nigeria,3.0,2022.0
Assure,Salt Lake City,Finance,,1.0,2022-11-23,Seed,United States,2.0,2022.0
GoodGood,Toronto,Retail,,1.0,2022-11-23,Seed,Canada,6.0,2022.0
SWVL,Cairo,Transportation,,0.5,2022-11-23,Post-IPO,Egypt,264.0,2022.0
Western Digital,SF Bay Area,Hardware,251.0,,2022-11-22,Post-IPO,United States,900.0,2022.0
SIRCLO,Jakarta,Retail,160.0,0.08,2022-11-22,Series B,Indonesia,92.0,2022.0
Trax,Singapore,Retail,80.0,0.08,2022-11-22,Series E,Singapore,1000.0,2022.0
Jumia,Lagos,Retail,900.0,0.2,2022-11-21,Post-IPO,Nigeria,1200.0,2022.0
Kitopi,Dubai,Food,93.0,0.1,2022-11-21,Series C,United States,804.0,2022.0
Devo,Boston,Security,,0.15,2022-11-21,Series F,United States,481.0,2022.0
GloriFi,Dallas,Finance,,1.0,2022-11-21,Unknown,United States,,2022.0
Zomato,Gurugram,Food,100.0,0.04,2022-11-19,Series J,India,914.0,2022.0
Carvana,Phoenix,Transportation,1500.0,0.08,2022-11-18,Post-IPO,United States,1600.0,2022.0
Nuro,SF Bay Area,Transportation,300.0,0.2,2022-11-18,Series D,United States,2100.0,2022.0
Synthego,SF Bay Area,Healthcare,105.0,0.2,2022-11-18,Series E,United States,459.0,2022.0
Splyt,London,Transportation,57.0,,2022-11-18,Series B,United Kingdom,34.0,2022.0
Capitolis,New York City,Finance,,0.25,2022-11-18,Series D,United States,281.0,2022.0
StoryBlocks,Washington D.C.,Media,,0.25,2022-11-18,Acquired,United States,18.0,2022.0
Unchained Capital,Austin,Crypto,,0.15,2022-11-18,Series A,United States,33.0,2022.0
Roku,SF Bay Area,Media,200.0,0.07,2022-11-17,Post-IPO,United States,208.0,2022.0
Orchard,New York City,Real Estate,180.0,,2022-11-17,Series D,United States,472.0,2022.0
Homepoint,Phoenix,Real Estate,113.0,,2022-11-17,Post-IPO,United States,,2022.0
Juni,Gothenburg,Finance,72.0,0.33,2022-11-17,Unknown,Sweden,281.0,2022.0
Chili Piper,New York City,Sales,58.0,,2022-11-17,Series B,United States,54.0,2022.0
Capitolis,New York City,Finance,37.0,0.25,2022-11-17,Series D,United States,281.0,2022.0
TealBook,Toronto,Other,34.0,0.19,2022-11-17,Series B,Canada,73.0,2022.0
Koho,Toronto,Finance,15.0,0.04,2022-11-17,Series D,Canada,278.0,2022.0
&Open,Dublin,Marketing,9.0,0.09,2022-11-17,Series A,Ireland,35.0,2022.0
Kandji,San Diego,Other,,0.17,2022-11-17,Series C,United States,188.0,2022.0
Morning Brew,New York City,Media,,0.14,2022-11-17,Acquired,United States,,2022.0
Symend,Calgary,Other,,0.13,2022-11-17,Series C,Canada,148.0,2022.0
Amazon,Seattle,Retail,10000.0,0.03,2022-11-16,Post-IPO,United States,108.0,2022.0
Cisco,SF Bay Area,Infrastructure,4100.0,0.05,2022-11-16,Post-IPO,United States,2.0,2022.0
Twiga,Nairobi,Food,211.0,0.21,2022-11-16,Series C,Kenya,157.0,2022.0
Wayflyer,Dublin,Marketing,200.0,0.4,2022-11-16,Unknown,Ireland,889.0,2022.0
SimilarWeb,New York City,Other,120.0,0.1,2022-11-16,Post-IPO,United States,235.0,2022.0
Salsify,Boston,Retail,90.0,0.11,2022-11-16,Series F,United States,452.0,2022.0
Lokalise,Dover,Other,76.0,0.23,2022-11-16,Series B,United States,56.0,2022.0
Yotpo,New York City,Marketing,70.0,0.09,2022-11-16,Unknown,United States,436.0,2022.0
Pear Therapeutics,Boston,Healthcare,59.0,0.22,2022-11-16,Post-IPO,United States,409.0,2022.0
D2L,Waterloo,Education,,0.05,2022-11-16,Post-IPO,Canada,168.0,2022.0
Dance,Berlin,Transportation,,0.16,2022-11-16,Unknown,Germany,63.0,2022.0
Homeward,Austin,Real Estate,,0.25,2022-11-16,Unknown,United States,501.0,2022.0
Hopin,London,Other,,0.17,2022-11-16,Series D,United Kingdom,1000.0,2022.0
Kite,SF Bay Area,Product,,1.0,2022-11-16,Series A,United States,21.0,2022.0
UiPath,New York City,Data,241.0,0.06,2022-11-15,Post-IPO,United States,2000.0,2022.0
Asana,SF Bay Area,Other,180.0,0.09,2022-11-15,Post-IPO,United States,453.0,2022.0
OwnBackup,New York City,Security,170.0,0.17,2022-11-15,Series E,United States,507.0,2022.0
Deliveroo Australia,Melbourne,Food,120.0,1.0,2022-11-15,Post-IPO,Australia,1700.0,2022.0
Productboard,SF Bay Area,Product,100.0,0.2,2022-11-15,Series D,United States,,2022.0
Properly,Toronto,Real Estate,71.0,,2022-11-15,Series B,Canada,154.0,2022.0
Protocol,SF Bay Area,Media,60.0,1.0,2022-11-15,Acquired,United States,,2022.0
Jimdo,Hamburg,Other,50.0,0.16,2022-11-15,Unknown,Germany,28.0,2022.0
The Zebra,Austin,Finance,50.0,,2022-11-15,Series D,United States,256.0,2022.0
Viber,Luxembourg,Consumer,45.0,0.08,2022-11-15,Acquired,Luxembourg,,2022.0
CaptivateIQ,SF Bay Area,Sales,31.0,0.1,2022-11-15,Series C,United States,164.0,2022.0
Apollo Insurance,Vancouver,Finance,,0.25,2022-11-15,Series B,Canada,11.0,2022.0
Nirvana Money,Miami,Finance,,1.0,2022-11-15,Unknown,United States,,2022.0
OfferUp,Seattle,Retail,,0.19,2022-11-15,Unknown,United States,381.0,2022.0
Outside,Boulder,Media,,0.12,2022-11-15,Series B,United States,174.0,2022.0
Rubicon Technologies,Lexington,Other,,0.11,2022-11-15,Post-IPO,United States,382.0,2022.0
Whispir,Melbourne,Other,,0.3,2022-11-15,Post-IPO,Australia,68.0,2022.0
Illumina,San Diego,Healthcare,500.0,0.05,2022-11-14,Post-IPO,United States,28.0,2022.0
Sema4,Stamford,Healthcare,500.0,,2022-11-14,Post-IPO,United States,791.0,2022.0
iFit,Logan,Fitness,300.0,0.2,2022-11-14,Private Equity,United States,200.0,2022.0
Ribbon,New York City,Real Estate,170.0,0.85,2022-11-14,Series C,United States,405.0,2022.0
Pipedrive,Tallinn,Sales,143.0,0.15,2022-11-14,Private Equity,Estonia,90.0,2022.0
Intercom,SF Bay Area,Support,124.0,0.13,2022-11-14,Series D,United States,240.0,2022.0
Science 37,Los Angeles,Healthcare,90.0,,2022-11-14,Post-IPO,United States,347.0,2022.0
Pear Therapeutics,Boston,Healthcare,59.0,0.22,2022-11-14,Post-IPO,United States,409.0,2022.0
Cardlytics,Atlanta,Marketing,51.0,,2022-11-14,Post-IPO,United States,212.0,2022.0
Cloudinary,SF Bay Area,Media,40.0,0.08,2022-11-14,Unknown,United States,100.0,2022.0
Nestcoin,Lagos,Crypto,30.0,,2022-11-14,Seed,Nigeria,6.0,2022.0
Gokada,Lagos,Transportation,20.0,,2022-11-14,Unknown,Nigeria,12.0,2022.0
Tricida,SF Bay Area,Healthcare,,0.57,2022-11-14,Post-IPO,United States,624.0,2022.0
Veev,SF Bay Area,Real Estate,100.0,0.3,2022-11-11,Series D,United States,597.0,2022.0
Forto,Berlin,Logistics,60.0,0.08,2022-11-11,Series D,United States,593.0,2022.0
Offerpad,Phoenix,Real Estate,,0.07,2022-11-11,Post-IPO,United States,355.0,2022.0
GoTo Group,Jakarta,Transportation,1300.0,0.12,2022-11-10,Post-IPO,Indonesia,1300.0,2022.0
Juul,SF Bay Area,,400.0,0.3,2022-11-10,Unknown,United States,1500.0,2022.0
Blend,SF Bay Area,Finance,100.0,0.06,2022-11-10,Post-IPO,United States,665.0,2022.0
InfluxData,SF Bay Area,Data,65.0,0.27,2022-11-10,Series D,United States,119.0,2022.0
Coinbase,SF Bay Area,Crypto,60.0,,2022-11-10,Post-IPO,United States,549.0,2022.0
SoundHound,SF Bay Area,Other,45.0,0.1,2022-11-10,Post-IPO,United States,326.0,2022.0
Wistia,Boston,Marketing,40.0,,2022-11-10,Unknown,United States,18.0,2022.0
Ocavu,Lehi,Crypto,20.0,0.48,2022-11-10,Series A,United States,11.0,2022.0
Avast,Phoenix,Security,,0.25,2022-11-10,Unknown,United States,,2022.0
SendCloud,Eindhoven,Logistics,,0.1,2022-11-10,Series C,United States,200.0,2022.0
Wavely,SF Bay Area,HR,,1.0,2022-11-10,Unknown,United States,,2022.0
Meta,SF Bay Area,Consumer,11000.0,0.13,2022-11-09,Post-IPO,United States,26000.0,2022.0
Redfin,Seattle,Real Estate,862.0,0.13,2022-11-09,Post-IPO,United States,320.0,2022.0
Flyhomes,Seattle,Real Estate,300.0,0.4,2022-11-09,Series C,United States,310.0,2022.0
AvantStay,Los Angeles,Travel,144.0,0.22,2022-11-09,Private Equity,United States,686.0,2022.0
Root Insurance,Columbus,Finance,137.0,0.2,2022-11-09,Post-IPO,United States,527.0,2022.0
Liftoff,SF Bay Area,Marketing,130.0,0.15,2022-11-09,Acquired,United States,6.0,2022.0
Cameo,Chicago,Consumer,80.0,,2022-11-09,Unknown,United States,165.0,2022.0
Plum,Bengaluru,Healthcare,36.0,0.1,2022-11-09,Series A,India,20.0,2022.0
Kabam,SF Bay Area,Consumer,35.0,0.07,2022-11-09,Acquired,United States,244.0,2022.0
HighRadius,Bengaluru,Finance,25.0,,2022-11-09,Series C,India,475.0,2022.0
Namogoo,Tel Aviv,Marketing,25.0,0.15,2022-11-09,Series C,United States,69.0,2022.0
CloudFactory,Nairobi,Data,,0.12,2022-11-09,Private Equity,Kenya,78.0,2022.0
Faze Medicines,Boston,Healthcare,,1.0,2022-11-09,Series B,United States,81.0,2022.0
RingCentral,SF Bay Area,Other,,0.1,2022-11-09,Post-IPO,United States,44.0,2022.0
EverBridge,Boston,Other,200.0,,2022-11-08,Post-IPO,United States,476.0,2022.0
Repertoire Immune Medicines,Boston,Healthcare,65.0,0.5,2022-11-08,Series B,United States,257.0,2022.0
Astra,SF Bay Area,Aerospace,,0.16,2022-11-08,Post-IPO,United States,300.0,2022.0
NanoString,Seattle,Healthcare,,0.1,2022-11-08,Post-IPO,United States,731.0,2022.0
SADA,Los Angeles,Other,,0.11,2022-11-08,Acquired,United States,,2022.0
Salesforce,SF Bay Area,Sales,1000.0,0.01,2022-11-07,Post-IPO,United States,65.0,2022.0
Unacademy,Bengaluru,Education,350.0,0.1,2022-11-07,Series H,India,838.0,2022.0
Zendesk,SF Bay Area,Support,350.0,0.05,2022-11-07,Acquired,United States,85.0,2022.0
Dock,Sao Paulo,Finance,190.0,0.12,2022-11-07,Private Equity,Brazil,280.0,2022.0
Code42,Minneapolis,Security,,0.15,2022-11-07,Unknown,United States,137.0,2022.0
Domino Data Lab,SF Bay Area,Data,,0.25,2022-11-07,Series F,United States,223.0,2022.0
Varonis,New York City,Security,110.0,0.05,2022-11-06,Post-IPO,United States,30.0,2022.0
Brainly,Krakow,Education,25.0,,2022-11-06,Series D,Poland,148.0,2022.0
Twitter,SF Bay Area,Consumer,3700.0,0.5,2022-11-04,Post-IPO,United States,12900.0,2022.0
Udaan,Bengaluru,Retail,350.0,,2022-11-04,Unknown,India,1500.0,2022.0
Planetly,Berlin,Other,200.0,1.0,2022-11-04,Acquired,Germany,5.0,2022.0
KoinWorks,Jakarta,Finance,70.0,0.08,2022-11-04,Unknown,Indonesia,180.0,2022.0
Exodus,Nebraska City,Crypto,59.0,0.22,2022-11-04,Unknown,United States,60.0,2022.0
Benitago Group,New York City,Retail,,0.14,2022-11-04,Series A,United States,380.0,2022.0
Mythical Games,Los Angeles,Crypto,,0.1,2022-11-04,Series C,United States,260.0,2022.0
Stripe,SF Bay Area,Finance,1000.0,0.14,2022-11-03,Series H,United States,2300.0,2022.0
Lyft,SF Bay Area,Transportation,700.0,0.13,2022-11-03,Post-IPO,United States,4900.0,2022.0
LendingTree,Charlotte,Finance,200.0,,2022-11-03,Post-IPO,United States,,2022.0
Pleo,Copenhagen,Finance,150.0,0.15,2022-11-03,Series C,United States,428.0,2022.0
Delivery Hero,Berlin,Food,100.0,,2022-11-03,Post-IPO,Germany,8300.0,2022.0
Shippo,SF Bay Area,Logistics,60.0,0.2,2022-11-03,Series E,United States,154.0,2022.0
Affirm,SF Bay Area,Finance,,0.01,2022-11-03,Post-IPO,United States,1500.0,2022.0
LiveRamp,SF Bay Area,Marketing,,0.1,2022-11-03,Post-IPO,United States,16.0,2022.0
Rubius,Boston,Healthcare,,0.82,2022-11-03,Post-IPO,United States,445.0,2022.0
Snapdocs,SF Bay Area,Real Estate,,0.15,2022-11-03,Series D,United States,253.0,2022.0
Opendoor,SF Bay Area,Real Estate,550.0,0.18,2022-11-02,Post-IPO,United States,1900.0,2022.0
Chime,SF Bay Area,Finance,156.0,0.12,2022-11-02,Series G,United States,2300.0,2022.0
Chargebee,SF Bay Area,Finance,142.0,0.1,2022-11-02,Series H,United States,468.0,2022.0
Dapper Labs,Vancouver,Crypto,134.0,0.22,2022-11-02,Series D,United States,607.0,2022.0
Checkmarx,Tel Aviv,Security,100.0,0.1,2022-11-02,Series C,Israel,92.0,2022.0
Smava,Berlin,Finance,100.0,0.15,2022-11-02,Unknown,Germany,188.0,2022.0
Iron Ox,SF Bay Area,Food,50.0,0.5,2022-11-02,Series C,United States,103.0,2022.0
Digital Currency Gruop,Stamford,Crypto,10.0,0.13,2022-11-02,Unknown,United States,,2022.0
BitMEX,Non-U.S.,Crypto,,0.3,2022-11-02,Seed,Seychelles,0.0,2022.0
Argo AI,SF Bay Area,Transportation,259.0,,2022-11-01,Unknown,United States,3600.0,2022.0
Booking.com,Grand Rapids,Travel,226.0,,2022-11-01,Acquired,United States,,2022.0
Oracle,SF Bay Area,Other,200.0,,2022-11-01,Post-IPO,United States,,2022.0
Upstart,SF Bay Area,Finance,140.0,0.07,2022-11-01,Post-IPO,United States,144.0,2022.0
Gem,SF Bay Area,Recruiting,100.0,0.33,2022-11-01,Series C,United States,148.0,2022.0
Oda,Oslo,Food,70.0,0.18,2022-11-01,Unknown,Sweden,377.0,2022.0
Oda,Oslo,Food,70.0,0.18,2022-11-01,Unknown,Norway,477.0,2022.0
Oda,Oslo,Food,70.0,0.06,2022-11-01,Unknown,Norway,479.0,2022.0
Hootsuite,Vancouver,Marketing,50.0,0.05,2022-11-01,Series C,Canada,300.0,2022.0
Drop,Toronto,Marketing,24.0,,2022-11-01,Series B,Canada,56.0,2022.0
Tapps Games,Sao Paulo,Consumer,10.0,,2022-11-01,Unknown,Brazil,,2022.0
Brightline,SF Bay Area,Healthcare,,0.2,2022-11-01,Series C,United States,212.0,2022.0
Kry,Stockholm,Healthcare,300.0,0.1,2022-10-31,Series D,Sweden,568.0,2022.0
Notarize,Boston,Legal,60.0,,2022-10-31,Series D,United States,213.0,2022.0
EquityZen,New York City,Finance,30.0,0.27,2022-10-31,Series B,United States,11.0,2022.0
Equitybee,SF Bay Area,Finance,25.0,0.2,2022-10-31,Series B,United States,85.0,2022.0
Dukaan,Bengaluru,Retail,23.0,,2022-10-31,Series A,India,17.0,2022.0
Amazon,Seattle,Retail,150.0,,2022-10-28,Post-IPO,United States,108.0,2022.0
Fifth Season,Pittsburgh,Food,100.0,1.0,2022-10-28,Series B,United States,35.0,2022.0
Advata,Seattle,Healthcare,32.0,0.21,2022-10-28,,United States,,2022.0
Springlane,Düsseldorf,Food,,0.35,2022-10-28,Series C,Germany,11.0,2022.0
RenoRun,Montreal,Construction,210.0,0.43,2022-10-27,Series B,Canada,163.0,2022.0
Recharge,Los Angeles,Finance,84.0,0.17,2022-10-27,Series B,United States,277.0,2022.0
Lattice,SF Bay Area,HR,13.0,,2022-10-27,Series F,United States,328.0,2022.0
GoNuts,Mumbai,Media,,1.0,2022-10-27,Seed,India,,2022.0
MindBody,San Luis Obispo,Fitness,400.0,0.15,2022-10-26,Post-IPO,United States,114.0,2022.0
Zillow,Seattle,Real Estate,300.0,0.05,2022-10-26,Post-IPO,United States,97.0,2022.0
Cybereason,Boston,Security,200.0,0.17,2022-10-26,Series F,United States,750.0,2022.0
Argo AI,Pittsburgh,Transportation,173.0,,2022-10-26,Unknown,United States,3600.0,2022.0
GoFundMe,SF Bay Area,Finance,94.0,0.12,2022-10-26,Series A,United States,,2022.0
Fundbox,SF Bay Area,Finance,150.0,0.42,2022-10-25,Series D,United States,553.0,2022.0
Embroker,SF Bay Area,Finance,30.0,0.12,2022-10-25,Series C,United States,142.0,2022.0
Vee,Tel Aviv,HR,17.0,0.5,2022-10-25,Seed,Israel,15.0,2022.0
Callisto Media,SF Bay Area,Media,,0.35,2022-10-25,Series D,United States,,2022.0
Philips,Amsterdam,Healthcare,4000.0,0.05,2022-10-24,Post-IPO,Netherlands,,2022.0
Cerebral,SF Bay Area,Healthcare,400.0,0.2,2022-10-24,Series C,United States,462.0,2022.0
Snyk,Boston,Security,198.0,0.14,2022-10-24,Series F,United States,849.0,2022.0
McMakler,Berlin,Real Estate,100.0,,2022-10-24,Unknown,Germany,214.0,2022.0
Unico,Sao Paulo,Other,50.0,0.04,2022-10-24,Series D,Brazil,336.0,2022.0
OrCam,Jerusalem,Healthcare,62.0,0.16,2022-10-23,Unknown,Israel,86.0,2022.0
Antidote Health,Tel Aviv,Healthcare,23.0,0.38,2022-10-23,Unknown,Israel,36.0,2022.0
Khoros,Austin,Sales,120.0,0.1,2022-10-21,Private Equity,United States,138.0,2022.0
F5,Seattle,Security,100.0,0.01,2022-10-21,Post-IPO,United States,,2022.0
Elinvar,Berlin,Finance,43.0,0.33,2022-10-21,Unknown,Germany,30.0,2022.0
Synapsica,New Delhi,Healthcare,30.0,0.3,2022-10-21,Series A,India,4.0,2022.0
Volta,SF Bay Area,Transportation,,0.54,2022-10-21,Post-IPO,United States,575.0,2022.0
Hotmart,Belo Horizonte,Marketing,227.0,0.12,2022-10-20,Series C,Brazil,127.0,2022.0
Zeus Living,SF Bay Area,Real Estate,64.0,0.46,2022-10-20,Series C,United States,151.0,2022.0
Loom,SF Bay Area,Product,23.0,0.11,2022-10-20,Series C,United States,203.0,2022.0
Sales Boomerang,Baltimore,Sales,20.0,,2022-10-20,Private Equity,United States,5.0,2022.0
Roofstock,SF Bay Area,Real Estate,,0.2,2022-10-20,Series E,United States,365.0,2022.0
Starry,Boston,Other,,0.5,2022-10-20,Post-IPO,United States,260.0,2022.0
Gopuff,Philadelphia,Food,250.0,,2022-10-19,Series H,United States,3400.0,2022.0
AtoB,SF Bay Area,Finance,32.0,0.3,2022-10-19,Series B,United States,177.0,2022.0
InfoSum,London,Security,20.0,0.12,2022-10-19,Series B,United Kingdom,88.0,2022.0
Faire,SF Bay Area,Retail,84.0,0.07,2022-10-18,Series G,United States,1700.0,2022.0
Leafly,Seattle,Retail,56.0,0.21,2022-10-18,Post-IPO,United States,71.0,2022.0
Ada Health,Berlin,Healthcare,50.0,,2022-10-17,Series B,Germany,189.0,2022.0
Tiendanube,Buenos Aires,Marketing,50.0,0.05,2022-10-17,Unknown,Argentina,,2022.0
Nuri,Berlin,Crypto,,1.0,2022-10-17,Series B,Germany,42.0,2022.0
Flipboard,SF Bay Area,Media,24.0,0.21,2022-10-16,Unknown,United States,235.0,2022.0
Clear Capital,Reno,Real Estate,378.0,0.27,2022-10-14,Unknown,United States,,2022.0
Beyond Meat,Los Angeles,Food,200.0,0.19,2022-10-14,Post-IPO,United States,122.0,2022.0
Flux Systems,London,Finance,,1.0,2022-10-14,Unknown,United Kingdom,9.0,2022.0
Qin1,Noida,Education,,1.0,2022-10-14,Seed,India,,2022.0
Salesforce,SF Bay Area,Sales,90.0,,2022-10-13,Post-IPO,United States,65.0,2022.0
Playdots,New York City,Consumer,65.0,1.0,2022-10-13,Acquired,United States,10.0,2022.0
Byju's,Bengaluru,Education,2500.0,0.05,2022-10-12,Private Equity,India,5500.0,2022.0
6sense,SF Bay Area,Sales,150.0,0.1,2022-10-12,Series E,United States,426.0,2022.0
Sinch,Stockholm,Other,150.0,,2022-10-12,Post-IPO,Sweden,1500.0,2022.0
FrontRow,Bengaluru,Education,130.0,0.75,2022-10-12,Series A,India,17.0,2022.0
Noom,New York City,Healthcare,500.0,0.1,2022-10-11,Series F,United States,657.0,2022.0
MX,Lehi,Finance,200.0,,2022-10-11,Series C,United States,450.0,2022.0
Brex,SF Bay Area,Finance,136.0,0.11,2022-10-11,Series D,United States,1500.0,2022.0
Pacaso,SF Bay Area,Real Estate,100.0,0.3,2022-10-11,Series C,United States,217.0,2022.0
Sketch,The Hague,Other,80.0,,2022-10-11,Series A,Netherlands,20.0,2022.0
Udacity,SF Bay Area,Education,55.0,0.13,2022-10-11,Unknown,United States,235.0,2022.0
Linkfire,Copenhagen,Marketing,35.0,0.35,2022-10-11,Seed,Denmark,2.0,2022.0
HelloFresh,SF Bay Area,Food,611.0,,2022-10-10,Post-IPO,United States,367.0,2022.0
Momentive,SF Bay Area,Marketing,180.0,0.11,2022-10-10,Post-IPO,United States,1100.0,2022.0
Pavilion Data,SF Bay Area,Infrastructure,96.0,0.96,2022-10-10,Series D,United States,103.0,2022.0
Redesign Health,New York City,Healthcare,67.0,0.2,2022-10-10,Series C,United States,315.0,2022.0
Nyriad,Austin,Infrastructure,,0.33,2022-10-10,Unknown,United States,58.0,2022.0
BioMarin,SF Bay Area,Healthcare,120.0,0.04,2022-10-07,Post-IPO,United States,585.0,2022.0
Rev.com,Austin,Data,85.0,,2022-10-07,Series D,United States,30.0,2022.0
Crypto.com,Singapore,Crypto,2000.0,0.3,2022-10-06,Unknown,Singapore,156.0,2022.0
Peloton,New York City,Fitness,500.0,0.12,2022-10-06,Post-IPO,United States,1900.0,2022.0
Landing,Birmingham,Real Estate,110.0,,2022-10-06,Series C,United States,347.0,2022.0
Turnitin,SF Bay Area,Education,51.0,0.05,2022-10-06,Acquired,United States,,2022.0
Impossible Foods,SF Bay Area,Food,50.0,0.06,2022-10-06,Series H,United States,1900.0,2022.0
Foresight Insurance,SF Bay Area,Finance,,0.4,2022-10-06,Series B,United States,58.0,2022.0
Built In,Chicago,Recruiting,50.0,0.25,2022-10-05,Series C,United States,29.0,2022.0
TwinStrand,Seattle,Healthcare,,0.5,2022-10-05,Series B,United States,73.0,2022.0
8x8,SF Bay Area,Support,200.0,0.09,2022-10-04,Post-IPO,United States,253.0,2022.0
Homie,Salt Lake City,Real Estate,40.0,0.13,2022-10-04,Series B,United States,35.0,2022.0
Fivetran,SF Bay Area,Data,,0.05,2022-10-04,Series D,United States,,2022.0
Xendit,Jakarta,Finance,,0.05,2022-10-04,Series D,Indonesia,534.0,2022.0
Zoomo,Sydney,Transportation,,0.16,2022-10-04,Series B,Australia,105.0,2022.0
ActiveCampaign,Chicago,Marketing,,0.15,2022-10-03,Series C,United States,360.0,2022.0
WazirX,Mumbai,Crypto,60.0,0.4,2022-10-02,Acquired,India,,2022.0
Spin,SF Bay Area,Transportation,78.0,0.1,2022-09-30,Acquired,United States,8.0,2022.0
Carsome,Kuala Lumpur,Transportation,,0.1,2022-09-30,Series E,Malaysia,607.0,2022.0
Pastel,SF Bay Area,Food,,1.0,2022-09-30,Unknown,United States,,2022.0
Westwing,Munich,Retail,125.0,,2022-09-29,Post-IPO,Germany,237.0,2022.0
Mux,SF Bay Area,Infrastructure,40.0,0.2,2022-09-29,Series D,United States,173.0,2022.0
Solarisbank,Berlin,Finance,,0.1,2022-09-29,Unknown,Germany,385.0,2022.0
DocuSign,SF Bay Area,Sales,671.0,0.09,2022-09-28,Post-IPO,United States,536.0,2022.0
Volta,SF Bay Area,Transportation,,0.1,2022-09-28,Post-IPO,United States,575.0,2022.0
Divvy Homes,SF Bay Area,Real Estate,40.0,0.12,2022-09-27,Series B,United States,180.0,2022.0
Konfio,Mexico City,Finance,180.0,,2022-09-23,Series E,United States,706.0,2022.0
Moss,Berlin,Fin-Tech,70.0,0.15,2022-09-23,Series B,Germany,150.0,2022.0
Foxtrot,Chicago,Food,26.0,0.035,2022-09-23,Series C,United States,166.0,2022.0
Truiloo,Vancouver,Security,24.0,0.05,2022-09-23,Series D,Canada,474.0,2022.0
Pesto,SF Bay Area,Other,,1.0,2022-09-23,Seed,United States,6.0,2022.0
NYDIG,New York City,Crypto,110.0,0.33,2022-09-22,Private Equity,United States,1400.0,2022.0
Klarna,Stockholm,Finance,100.0,,2022-09-22,Unknown,Sweden,3700.0,2022.0
Made.com,London,Retail,,0.35,2022-09-22,Series D,United Kingdom,136.0,2022.0
Kitty Hawk,SF Bay Area,Aerospace,100.0,1.0,2022-09-21,Unknown,United States,1.0,2022.0
Compass,New York City,Real Estate,271.0,,2022-09-20,Post-IPO,United States,1600.0,2022.0
Curative,Los Angeles,Healthcare,109.0,,2022-09-20,Seed,United States,8.0,2022.0
Ada,Toronto,Support,78.0,0.16,2022-09-20,Series C,Canada,190.0,2022.0
99,Sao Paulo,Transportation,75.0,0.02,2022-09-20,Acquired,Brazil,244.0,2022.0
Ouster,SF Bay Area,Transportation,,0.1,2022-09-20,Post-IPO,United States,282.0,2022.0
Zappos,Las Vegas,Retail,,0.04,2022-09-20,Acquired,United States,62.0,2022.0
Ola,Bengaluru,Transportation,200.0,,2022-09-19,Series J,India,5000.0,2022.0
Vesalius Therapeutics,Boston,Healthcare,29.0,0.43,2022-09-19,Series B,United States,75.0,2022.0
VideoAmp,Los Angeles,Marketing,,0.02,2022-09-19,Series F,United States,456.0,2022.0
Clear,Bengaluru,Finance,190.0,0.2,2022-09-16,Series C,India,140.0,2022.0
TrueLayer,London,Finance,40.0,0.1,2022-09-16,Series E,United States,271.0,2022.0
LivePerson,New York City,Support,193.0,0.11,2022-09-15,Post-IPO,United States,42.0,2022.0
Acast,Stockholm,Media,70.0,0.15,2022-09-15,Post-IPO,Sweden,126.0,2022.0
WorkRamp,SF Bay Area,HR,35.0,0.2,2022-09-15,Series C,United States,67.0,2022.0
NextRoll,SF Bay Area,Marketing,,0.07,2022-09-15,Unknown,United States,108.0,2022.0
Twilio,SF Bay Area,Other,800.0,0.11,2022-09-14,Post-IPO,United States,614.0,2022.0
Pitch,Berlin,Marketing,59.0,0.3,2022-09-14,Series B,Germany,137.0,2022.0
Infarm,Berlin,Other,50.0,0.05,2022-09-14,Series D,Germany,604.0,2022.0
Netflix,SF Bay Area,Media,30.0,,2022-09-14,Post-IPO,United States,121900.0,2022.0
Bitrise,Budapest,Infrastructure,,0.14,2022-09-14,Series C,Hungary,83.0,2022.0
Rubius,Boston,Healthcare,160.0,0.75,2022-09-13,Post-IPO,United States,445.0,2022.0
Checkout.com,London,Finance,100.0,0.05,2022-09-13,Series D,United Kingdom,1800.0,2022.0
Taboola,New York City,Marketing,100.0,0.06,2022-09-13,Post-IPO,United States,445.0,2022.0
Patreon,SF Bay Area,Media,80.0,0.17,2022-09-13,Series F,United States,413.0,2022.0
FullStory,Atlanta,Marketing,,0.12,2022-09-13,Unknown,United States,197.0,2022.0
Propzy,Ho Chi Minh City,Real Estate,,1.0,2022-09-13,Series A,Vietnam,33.0,2022.0
Quicko,Sao Paulo,Transportation,60.0,,2022-09-12,Acquired,Brazil,28.0,2022.0
Mode Analytics,SF Bay Area,Data,25.0,,2022-09-12,Series D,United States,81.0,2022.0
Compete,Tel Aviv,HR,11.0,0.28,2022-09-12,Series A,Israel,17.0,2022.0
Karbon,SF Bay Area,Other,,0.23,2022-09-12,Series B,United States,91.0,2022.0
Rent the Runway,New York City,Retail,,0.24,2022-09-12,Post-IPO,United States,526.0,2022.0
SkipTheDishes,Winnipeg,Food,350.0,,2022-09-09,Acquired,Canada,6.0,2022.0
Brighte,Sydney,Energy,58.0,,2022-09-09,Series C,Australia,145.0,2022.0
Patreon,SF Bay Area,Media,5.0,,2022-09-09,Series F,United States,413.0,2022.0
Amber Group,Hong Kong,Crypto,,0.1,2022-09-09,Series B,Hong Kong,328.0,2022.0
CommonBond,New York City,Finance,,1.0,2022-09-09,Series D,United States,125.0,2022.0
Flowhub,Denver,Retail,,0.15,2022-09-09,Unknown,United States,45.0,2022.0
Lido Learning,Mumbai,Education,,1.0,2022-09-09,Series C,India,20.0,2022.0
GoStudent,Vienna,Education,200.0,,2022-09-08,Series D,Austria,686.0,2022.0
Pomelo Fashion,Bangkok,Retail,55.0,0.08,2022-09-08,Unknown,Thailand,120.0,2022.0
Genome Medical,SF Bay Area,Healthcare,23.0,,2022-09-08,Series C,United States,120.0,2022.0
BigBear.ai,Baltimore,Data,,0.07,2022-09-08,Post-IPO,United States,200.0,2022.0
Simple Feast,Copenhagen,Food,150.0,1.0,2022-09-07,Unknown,Denmark,173.0,2022.0
Foodpanda,Singapore,Food,60.0,,2022-09-07,Acquired,Singapore,749.0,2022.0
Uber,Vilnius,Transportation,60.0,,2022-09-07,Post-IPO,Lithuania,24700.0,2022.0
Rupeek,Bengaluru,Finance,50.0,,2022-09-07,Unknown,India,172.0,2022.0
Intercom,SF Bay Area,Support,49.0,0.05,2022-09-07,Series D,United States,240.0,2022.0
Pendo,Raleigh,Product,45.0,0.05,2022-09-07,Series F,United States,469.0,2022.0
Demandbase,SF Bay Area,Sales,27.0,0.03,2022-09-07,Series H,United States,143.0,2022.0
Medly,New York City,Healthcare,,0.5,2022-09-07,Series C,United States,100.0,2022.0
Brave Care,Portland,Healthcare,40.0,0.33,2022-09-06,Series B,United States,42.0,2022.0
Lawgeex,Tel Aviv,Legal,30.0,0.33,2022-09-06,Series C,Israel,41.0,2022.0
Juniper Square,SF Bay Area,Real Estate,,0.14,2022-09-06,Series C,United States,108.0,2022.0
Medium,SF Bay Area,Media,,0.25,2022-09-06,Unknown,United States,163.0,2022.0
Kuda,Lagos,Finance,23.0,0.05,2022-09-02,Series B,Nigeria,91.0,2022.0
2TM,Sao Paulo,Crypto,100.0,0.15,2022-09-01,Unknown,Brazil,250.0,2022.0
Innovaccer,SF Bay Area,Healthcare,90.0,0.08,2022-09-01,Series E,United States,379.0,2022.0
Shopify,Ottawa,Retail,70.0,,2022-09-01,Post-IPO,Canada,122.0,2022.0
Urban Sports Club,Berlin,Fitness,55.0,0.15,2022-09-01,Unknown,Germany,95.0,2022.0
Hedvig,Stockholm,Finance,12.0,,2022-09-01,Series B,Sweden,67.0,2022.0
Snap,Los Angeles,Consumer,1280.0,0.2,2022-08-31,Post-IPO,United States,4900.0,2022.0
GoodRx,Los Angeles,Healthcare,140.0,0.16,2022-08-31,Post-IPO,United States,910.0,2022.0
Smava,Berlin,Finance,100.0,0.1,2022-08-31,Unknown,Germany,188.0,2022.0
Hippo Insurance,SF Bay Area,Finance,70.0,0.1,2022-08-31,Post-IPO,United States,1300.0,2022.0
Clari,SF Bay Area,Sales,45.0,,2022-08-31,Series F,United States,496.0,2022.0
Koo,Bengaluru,Consumer,40.0,,2022-08-31,Series B,India,44.0,2022.0
TCR2,Boston,Healthcare,30.0,0.2,2022-08-31,Post-IPO,United States,173.0,2022.0
Apartment List,SF Bay Area,Real Estate,29.0,0.1,2022-08-31,Series D,United States,169.0,2022.0
Artnight,Berlin,Retail,26.0,0.36,2022-08-31,Unknown,Germany,,2022.0
The Wing,New York City,Real Estate,,1.0,2022-08-31,Series C,United States,117.0,2022.0
Electric,New York City,Other,81.0,,2022-08-30,Series D,United States,212.0,2022.0
Immersive Labs,Bristol,Security,38.0,0.1,2022-08-30,Series C,United Kingdom,123.0,2022.0
Nate,New York City,Retail,30.0,,2022-08-30,Series A,United States,47.0,2022.0
Meesho,Bengaluru,Retail,300.0,,2022-08-29,Series F,India,1100.0,2022.0
54gene,Washington D.C.,Healthcare,95.0,0.3,2022-08-29,Series B,United States,44.0,2022.0
Zymergen,SF Bay Area,Other,80.0,,2022-08-26,Acquired,United States,974.0,2022.0
Okta,SF Bay Area,Security,24.0,,2022-08-26,Post-IPO,United States,1200.0,2022.0
Argyle,New York City,Finance,20.0,0.07,2022-08-26,Series B,United States,78.0,2022.0
FreshDirect,Philadelphia,Food,40.0,,2022-08-25,Acquired,United States,280.0,2022.0
Loja Integrada,Sao Paulo,Retail,25.0,0.1,2022-08-25,Acquired,Brazil,,2022.0
Impact.com,Los Angeles,Marketing,,0.1,2022-08-25,Private Equity,United States,361.0,2022.0
ShipBob,Chicago,Logistics,,0.07,2022-08-25,Series E,United States,330.0,2022.0
Reali,SF Bay Area,Real Estate,140.0,1.0,2022-08-24,Series B,United States,117.0,2022.0
Loop,Washington D.C.,Finance,15.0,0.2,2022-08-24,Series A,United States,24.0,2022.0
Tier Mobility,Berlin,Transportation,180.0,0.16,2022-08-23,Series D,Germany,646.0,2022.0
Packable,New York City,Retail,138.0,0.2,2022-08-23,Unknown,United States,472.0,2022.0
Q4,Toronto,Other,50.0,0.08,2022-08-23,Series C,Canada,91.0,2022.0
Skedulo,SF Bay Area,HR,31.0,0.08,2022-08-23,Series C,United States,114.0,2022.0
Plato,SF Bay Area,HR,29.0,0.5,2022-08-23,Seed,United States,3.0,2022.0
DataRobot,Boston,Data,,0.26,2022-08-23,Series G,United States,1000.0,2022.0
Mr. Yum,Melbourne,Food,,0.17,2022-08-22,Series A,United States,73.0,2022.0
ShopX,Bengaluru,Retail,,1.0,2022-08-22,Unknown,India,56.0,2022.0
NSO,Tel Aviv,Security,100.0,0.14,2022-08-21,Seed,Israel,1.0,2022.0
Tufin,Boston,Security,55.0,0.1,2022-08-21,Acquired,United States,21.0,2022.0
Amperity,Seattle,Marketing,13.0,0.03,2022-08-20,Series D,United States,187.0,2022.0
Wayfair,Boston,Retail,870.0,0.05,2022-08-19,Post-IPO,United States,1700.0,2022.0
Stripe,SF Bay Area,Finance,50.0,,2022-08-19,Series H,United States,2300.0,2022.0
Hodlnaut,Singapore,Crypto,40.0,0.8,2022-08-19,Unknown,Singapore,,2022.0
New Relic,SF Bay Area,Infrastructure,110.0,0.05,2022-08-18,Post-IPO,United States,214.0,2022.0
Wheel,Austin,Healthcare,35.0,0.17,2022-08-18,Series C,United States,215.0,2022.0
Thirty Madison,New York City,Healthcare,,0.1,2022-08-18,Series C,United States,209.0,2022.0
Vendasta,Saskatoon,Marketing,,0.05,2022-08-18,Series D,Canada,178.0,2022.0
Malwarebytes,SF Bay Area,Security,125.0,0.14,2022-08-17,Series B,United States,80.0,2022.0
Fluke,Sao Paulo,Other,83.0,0.82,2022-08-17,Seed,Brazil,,2022.0
Swyftx,Brisbane,Crypto,74.0,0.21,2022-08-17,Unknown,Australia,,2022.0
Tempo Automation,SF Bay Area,Other,54.0,,2022-08-17,Series C,United States,74.0,2022.0
Genesis,New York City,Crypto,52.0,0.2,2022-08-17,Series A,United States,,2022.0
Warren,Porto Alegre,Finance,50.0,,2022-08-17,Series C,Brazil,104.0,2022.0
AlayaCare,Montreal,Healthcare,80.0,0.14,2022-08-16,Series D,Canada,293.0,2022.0
Pliops,Tel Aviv,Data,12.0,0.09,2022-08-16,Series D,Israel,205.0,2022.0
Woven,Indianapolis,HR,5.0,0.15,2022-08-16,Series A,United States,11.0,2022.0
Edmodo,SF Bay Area,Education,,1.0,2022-08-16,Acquired,United States,77.0,2022.0
Snapdocs,SF Bay Area,Real Estate,,0.1,2022-08-16,Series D,United States,253.0,2022.0
Sema4,Stamford,Healthcare,250.0,0.13,2022-08-15,Post-IPO,United States,791.0,2022.0
Blend,SF Bay Area,Finance,220.0,0.12,2022-08-15,Post-IPO,United States,665.0,2022.0
ContraFect,New York City,Healthcare,16.0,0.37,2022-08-15,Post-IPO,United States,380.0,2022.0
ThredUp,Chicago,Retail,,0.15,2022-08-15,Post-IPO,United States,305.0,2022.0
Anywell,Tel Aviv,Real Estate,11.0,,2022-08-14,Series A,Israel,15.0,2022.0
Peloton,New York City,Fitness,784.0,0.13,2022-08-12,Post-IPO,United States,1900.0,2022.0
Core Scientific,Austin,Crypto,,0.1,2022-08-12,Post-IPO,United States,169.0,2022.0
Truepill,SF Bay Area,Healthcare,175.0,0.33,2022-08-11,Series D,United States,255.0,2022.0
Calm,SF Bay Area,Healthcare,90.0,0.2,2022-08-11,Series C,United States,218.0,2022.0
FourKites,Chicago,Logistics,60.0,0.08,2022-08-11,Series D,United States,201.0,2022.0
Marketforce,Nairobi,Retail,54.0,0.09,2022-08-11,Series A,Kenya,42.0,2022.0
Betterfly,Santiago,Healthcare,30.0,,2022-08-11,Series C,Chile,204.0,2022.0
Expert360,Sydney,Recruiting,7.0,,2022-08-11,Series C,Australia,26.0,2022.0
Guidewire,SF Bay Area,Finance,,0.02,2022-08-11,Post-IPO,United States,24.0,2022.0
Trybe,Sao Paulo,Education,47.0,0.1,2022-08-10,Series B,Brazil,40.0,2022.0
Permutive,London,Marketing,30.0,0.12,2022-08-10,Series C,United Kingdom,105.0,2022.0
Homeward,Austin,Real Estate,,0.2,2022-08-10,Series B,United States,160.0,2022.0
Pollen,London,Marketing,,1.0,2022-08-10,Series C,United Kingdom,238.0,2022.0
Vedanta Biosciences,Boston,Healthcare,,0.2,2022-08-10,Series D,United States,301.0,2022.0
GoHealth,Chicago,Healthcare,800.0,0.2,2022-08-09,Post-IPO,United States,75.0,2022.0
Hootsuite,Vancouver,Marketing,400.0,0.3,2022-08-09,Series C,Canada,300.0,2022.0
Nutanix,SF Bay Area,Infrastructure,270.0,0.04,2022-08-09,Post-IPO,United States,1100.0,2022.0
Quanterix,Boston,Healthcare,130.0,0.25,2022-08-09,Post-IPO,United States,533.0,2022.0
Wix,Tel Aviv,Marketing,100.0,,2022-08-09,Post-IPO,Israel,58.0,2022.0
MadeiraMadeira,Curitiba,Retail,60.0,0.03,2022-08-09,Series E,Brazil,338.0,2022.0
Melio,New York City,Finance,60.0,,2022-08-09,Series D,United States,504.0,2022.0
Linktree,Melbourne,Consumer,50.0,0.17,2022-08-09,Unknown,Australia,165.0,2022.0
Shogun,SF Bay Area,Retail,48.0,0.3,2022-08-09,Series C,United States,114.0,2022.0
Absci,Vancouver,Healthcare,40.0,,2022-08-09,Post-IPO,United States,237.0,2022.0
Dooly,Vancouver,Sales,12.0,,2022-08-09,Series B,Canada,102.0,2022.0
Berkeley Lights,SF Bay Area,Healthcare,,0.12,2022-08-09,Post-IPO,United States,272.0,2022.0
DailyPay,New York City,Finance,,0.15,2022-08-09,Unknown,United States,814.0,2022.0
Haus,SF Bay Area,Food,,1.0,2022-08-09,Seed,United States,7.0,2022.0
Kaltura,New York City,Media,,0.1,2022-08-09,Post-IPO,United States,166.0,2022.0
Groupon,Chicago,Retail,500.0,0.15,2022-08-08,Post-IPO,United States,1400.0,2022.0
Loggi,Sao Paulo,Logistics,500.0,0.15,2022-08-08,Series F,Brazil,507.0,2022.0
Vroom,New York City,Transportation,337.0,,2022-08-08,Post-IPO,United States,1300.0,2022.0
Warby Parker,New York City,Consumer,63.0,,2022-08-08,Post-IPO,United States,535.0,2022.0
Labelbox,SF Bay Area,Data,36.0,,2022-08-08,Series D,United States,188.0,2022.0
Perion,Tel Aviv,Marketing,20.0,0.05,2022-08-08,Post-IPO,Israel,76.0,2022.0
Daily Harvest,New York City,Food,,0.15,2022-08-08,Series D,United States,120.0,2022.0
iRobot,Boston,Consumer,140.0,0.1,2022-08-05,Acquired,United States,30.0,2022.0
Mejuri,Toronto,Retail,50.0,0.1,2022-08-05,Series B,Canada,28.0,2022.0
Uberflip,Toronto,Marketing,31.0,0.17,2022-08-05,Series A,Canada,42.0,2022.0
Doma,SF Bay Area,Finance,250.0,0.13,2022-08-04,Post-IPO,United States,679.0,2022.0
Article,Vancouver,Retail,216.0,0.17,2022-08-04,Series B,Canada,,2022.0
Jam City,Los Angeles,Consumer,200.0,0.17,2022-08-04,Unknown,United States,652.0,2022.0
10X Genomics,SF Bay Area,Healthcare,100.0,0.08,2022-08-04,Post-IPO,United States,242.0,2022.0
LEAD,Mumbai,Education,80.0,0.04,2022-08-04,Series E,India,166.0,2022.0
Zendesk,SF Bay Area,Support,80.0,,2022-08-04,Acquired,United States,85.0,2022.0
On Deck,SF Bay Area,Education,73.0,0.33,2022-08-04,Series A,United States,20.0,2022.0
RenoRun,Montreal,Construction,70.0,0.12,2022-08-04,Series B,Canada,163.0,2022.0
RingCentral,SF Bay Area,Support,50.0,,2022-08-04,Post-IPO,United States,44.0,2022.0
Medly,New York City,Healthcare,,0.16,2022-08-04,Series C,United States,100.0,2022.0
Nomad,Sao Paulo,Finance,,0.2,2022-08-04,Series B,Brazil,290.0,2022.0
Weedmaps,Los Angeles,Other,,0.1,2022-08-04,Acquired,United States,,2022.0
Zenius,Jakarta,Education,,0.3,2022-08-04,Series B,Indonesia,20.0,2022.0
Healthcare.com,Miami,Healthcare,149.0,,2022-08-03,Series C,United States,244.0,2022.0
Unbounce,Vancouver,Marketing,47.0,0.2,2022-08-03,Series A,Canada,39.0,2022.0
Beyond Meat,Los Angeles,Food,40.0,,2022-08-03,Post-IPO,United States,122.0,2022.0
The Org,New Delhi,HR,13.0,,2022-08-03,Series B,United States,39.0,2022.0
Puppet,Portland,Infrastructure,,0.15,2022-08-03,Acquired,United States,189.0,2022.0
SoundCloud,Berlin,Consumer,,0.2,2022-08-03,Unknown,Germany,542.0,2022.0
Talkwalker,Luxembourg,Marketing,,0.15,2022-08-03,Private Equity,Luxembourg,9.0,2022.0
Robinhood,SF Bay Area,Finance,713.0,0.23,2022-08-02,Post-IPO,United States,5600.0,2022.0
Latch,New York City,Security,115.0,0.37,2022-08-02,Post-IPO,United States,342.0,2022.0
Vedantu,Bengaluru,Education,100.0,,2022-08-02,Series E,India,292.0,2022.0
Seegrid,Pittsburgh,Logistics,90.0,,2022-08-02,Unknown,United States,107.0,2022.0
Nylas,SF Bay Area,Product,80.0,0.25,2022-08-02,Series C,United States,175.0,2022.0
Outreach,Seattle,Sales,60.0,0.05,2022-08-02,Series G,United States,489.0,2022.0
Sendy,Nairobi,Logistics,54.0,0.2,2022-08-02,Series B,Kenya,26.0,2022.0
The Predictive Index,Boston,HR,40.0,,2022-08-02,Acquired,United States,71.0,2022.0
Sendy,Nairobi,Logistics,30.0,0.1,2022-08-02,Series B,Kenya,26.0,2022.0
Stedi,Boulder,Product,23.0,0.3,2022-08-02,Series B,United States,75.0,2022.0
Glossier,New York City,Retail,19.0,0.08,2022-08-02,Series E,United States,266.0,2022.0
Butterfly Network,New Haven,Healthcare,,0.1,2022-08-02,Post-IPO,United States,530.0,2022.0
Hash,Sao Paulo,Finance,58.0,0.5,2022-08-01,Series C,Brazil,58.0,2022.0
Perceptive Automata,Boston,Transportation,,1.0,2022-08-01,Series A,United States,20.0,2022.0
Metigy,Sydney,Marketing,75.0,1.0,2022-07-31,Series B,Australia,18.0,2022.0
Vee,Tel Aviv,HR,16.0,0.32,2022-07-31,Seed,Israel,15.0,2022.0
Gatherly,Atlanta,Marketing,,0.5,2022-07-31,,United States,,2022.0
Ola,Bengaluru,Transportation,1000.0,,2022-07-29,Series J,India,5000.0,2022.0
Clearco,Toronto,Fin-Tech,125.0,0.25,2022-07-29,Series C,Canada,681.0,2022.0
Imperfect Foods,SF Bay Area,Food,50.0,,2022-07-29,Series D,United States,229.0,2022.0
Shelf Engine,Seattle,Food,43.0,,2022-07-29,Series B,United States,58.0,2022.0
Quantcast,SF Bay Area,Marketing,40.0,0.06,2022-07-29,Series C,United States,65.0,2022.0
Sherpa,Toronto,Travel,22.0,,2022-07-29,Unknown,Canada,11.0,2022.0
Yabonza,Sydney,Real Estate,,1.0,2022-07-29,Unknown,Australia,6.0,2022.0
Ribbon,New York City,Real Estate,136.0,,2022-07-28,Series C,United States,405.0,2022.0
Career Karma,SF Bay Area,Education,60.0,0.33,2022-07-28,Series B,United States,51.0,2022.0
Metromile,SF Bay Area,Finance,60.0,0.2,2022-07-28,Acquired,United States,510.0,2022.0
Laybuy,Auckland,Finance,45.0,,2022-07-28,Post-IPO,New Zealand,130.0,2022.0
Allbirds,SF Bay Area,Retail,23.0,,2022-07-28,Post-IPO,United States,202.0,2022.0
TextNow,Waterloo,Consumer,22.0,,2022-07-28,Seed,Canada,1.0,2022.0
2U,Washington D.C.,Education,,0.2,2022-07-28,Post-IPO,United States,426.0,2022.0
Change.org,SF Bay Area,Other,,0.19,2022-07-28,Series D,United States,72.0,2022.0
Turntide,SF Bay Area,Energy,,0.2,2022-07-28,Unknown,United States,491.0,2022.0
Rivian,Detroit,Transportation,840.0,0.06,2022-07-27,Post-IPO,United States,10700.0,2022.0
Vox Media,Washington D.C.,Media,39.0,0.02,2022-07-27,Series F,United States,307.0,2022.0
Coinsquare,Toronto,Crypto,30.0,0.24,2022-07-27,Unknown,Canada,98.0,2022.0
Skai,Tel Aviv,Marketing,30.0,0.04,2022-07-27,Series E,Israel,60.0,2022.0
Shopify,Ottawa,Retail,1000.0,0.1,2022-07-26,Post-IPO,Canada,122.0,2022.0
McMakler,Berlin,Real Estate,90.0,,2022-07-26,Unknown,Germany,214.0,2022.0
Fiverr,Tel Aviv,Other,60.0,0.08,2022-07-26,Post-IPO,Israel,111.0,2022.0
InDebted,Sydney,Finance,40.0,0.17,2022-07-26,Series B,Australia,41.0,2022.0
Outbrain,New York City,Marketing,38.0,0.03,2022-07-26,Post-IPO,United States,394.0,2022.0
Dover,SF Bay Area,Recruiting,23.0,0.3,2022-07-26,Series A,United States,22.0,2022.0
Immutable,Sydney,Crypto,20.0,0.06,2022-07-26,Series C,Australia,279.0,2022.0
Zymergen,SF Bay Area,Other,80.0,,2022-07-25,Acquired,United States,974.0,2022.0
Pear Therapeutics,Boston,Healthcare,25.0,0.09,2022-07-25,Post-IPO,United States,409.0,2022.0
Included Health,SF Bay Area,Healthcare,,0.06,2022-07-25,Series E,United States,272.0,2022.0
Soluto,Tel Aviv,Support,120.0,1.0,2022-07-24,Acquired,Israel,18.0,2022.0
Eucalyptus,Sydney,Healthcare,50.0,0.2,2022-07-22,Series C,United States,69.0,2022.0
Workstream,SF Bay Area,HR,45.0,,2022-07-22,Series B,United States,58.0,2022.0
Quanto,Sao Paulo,Finance,28.0,0.22,2022-07-22,Series A,Brazil,15.0,2022.0
Clarify Health,SF Bay Area,Healthcare,15.0,0.05,2022-07-22,Series D,United States,328.0,2022.0
Boosted Commerce,Los Angeles,Retail,,0.05,2022-07-22,Series B,United States,137.0,2022.0
Blockchain.com,London,Crypto,150.0,0.25,2022-07-21,Series D,United Kingdom,490.0,2022.0
Callisto Media,SF Bay Area,Media,140.0,0.35,2022-07-21,Series D,United States,,2022.0
AppGate,Miami,Security,130.0,0.22,2022-07-21,Post-IPO,United States,,2022.0
WHOOP,Boston,Fitness,95.0,0.15,2022-07-21,Series F,United States,404.0,2022.0
Rad Power Bikes,Seattle,Transportation,63.0,0.1,2022-07-21,Series D,United States,329.0,2022.0
Lunchbox,New York City,Food,60.0,0.33,2022-07-21,Series B,United States,72.0,2022.0
RealSelf,Seattle,Healthcare,11.0,0.05,2022-07-21,Series B,United States,42.0,2022.0
98point6,Seattle,Healthcare,,0.1,2022-07-21,Series E,United States,247.0,2022.0
InVision,New York City,Product,,0.5,2022-07-21,Series F,United States,356.0,2022.0
Just Eat Takeaway,Amsterdam,Food,390.0,,2022-07-20,Post-IPO,Netherlands,2800.0,2022.0
Flyhomes,Seattle,Real Estate,200.0,0.2,2022-07-20,Series C,United States,310.0,2022.0
Varo,SF Bay Area,Finance,75.0,,2022-07-20,Series E,United States,992.0,2022.0
BlueStacks,SF Bay Area,Other,60.0,,2022-07-20,Series C,United States,48.0,2022.0
Lyft,SF Bay Area,Transportation,60.0,0.02,2022-07-20,Post-IPO,United States,4900.0,2022.0
Introhive,Ferdericton,Sales,57.0,0.16,2022-07-20,Series C,Canada,125.0,2022.0
Zencity,Tel Aviv,Other,30.0,0.2,2022-07-20,Unknown,Israel,51.0,2022.0
Splice,New York City,Media,23.0,,2022-07-20,Series D,United States,159.0,2022.0
Forma.ai,Toronto,Sales,15.0,0.09,2022-07-20,Series B,Canada,58.0,2022.0
Arc,SF Bay Area,HR,13.0,,2022-07-20,Seed,United States,1.0,2022.0
Invitae,SF Bay Area,Healthcare,1000.0,,2022-07-19,Post-IPO,United States,2000.0,2022.0
Olive,Columbus,Healthcare,450.0,0.31,2022-07-19,Series H,United States,856.0,2022.0
M1,Chicago,Finance,38.0,,2022-07-19,Series E,United States,323.0,2022.0
SellerX,Berlin,Retail,28.0,,2022-07-19,Unknown,Germany,766.0,2022.0
Stint,London,HR,28.0,0.2,2022-07-19,Unknown,United Kingdom,,2022.0
Capsule,New York City,Healthcare,,0.13,2022-07-19,Series D,United States,570.0,2022.0
PACT Pharma,SF Bay Area,Healthcare,94.0,,2022-07-18,Series C,United States,200.0,2022.0
Gemini,New York City,Crypto,68.0,0.07,2022-07-18,Unknown,United States,423.0,2022.0
Lusha,New York City,Marketing,30.0,0.1,2022-07-18,Series B,United States,245.0,2022.0
Freshly,New York City,Food,,0.25,2022-07-18,Acquired,United States,107.0,2022.0
Hydrow,Boston,Fitness,,0.35,2022-07-18,Series D,United States,269.0,2022.0
Vimeo,New York City,Consumer,,0.06,2022-07-18,Post-IPO,United States,450.0,2022.0
Bright Money,Bengaluru,Finance,100.0,0.5,2022-07-15,Series A,India,31.0,2022.0
Project44,Chicago,Logistics,63.0,0.05,2022-07-15,Unknown,United States,817.0,2022.0
Heroes,London,Retail,24.0,0.2,2022-07-15,Unknown,United States,265.0,2022.0
Aspire,SF Bay Area,Marketing,23.0,,2022-07-15,Series A,United States,27.0,2022.0
StyleSeat,SF Bay Area,Consumer,,0.17,2022-07-15,Series C,United States,40.0,2022.0
Zego,London,Finance,85.0,0.17,2022-07-14,Series C,United Kingdom,202.0,2022.0
The Mom Project,Chicago,HR,54.0,0.15,2022-07-14,Series C,United States,115.0,2022.0
Unstoppable Domains,SF Bay Area,Crypto,42.0,0.25,2022-07-14,Series B,United States,7.0,2022.0
Kiavi,SF Bay Area,Real Estate,39.0,0.07,2022-07-14,Series E,United States,240.0,2022.0
OpenSea,New York City,Crypto,,0.2,2022-07-14,Series C,United States,427.0,2022.0
Wave,Dakar,Finance,300.0,0.15,2022-07-13,Series A,Senegal,292.0,2022.0
Tonal,SF Bay Area,Fitness,262.0,0.35,2022-07-13,Series E,United States,450.0,2022.0
Fabric,New York City,Logistics,120.0,0.4,2022-07-13,Series C,United States,336.0,2022.0
Bryter,Berlin,Product,100.0,0.3,2022-07-13,Series B,Germany,89.0,2022.0
ChowNow,Los Angeles,Food,100.0,0.2,2022-07-13,Series C,United States,64.0,2022.0
Involves,Florianópolis,Retail,70.0,0.18,2022-07-13,Unknown,Brazil,23.0,2022.0
100 Thieves,Los Angeles,Consumer,12.0,,2022-07-13,Series C,United States,120.0,2022.0
Nuro,SF Bay Area,Transportation,7.0,,2022-07-13,Series D,United States,2100.0,2022.0
Arrival,London,Transportation,,0.3,2022-07-13,Post-IPO,United Kingdom,629.0,2022.0
Papa,Miami,Other,,0.15,2022-07-13,Series D,United States,241.0,2022.0
Gopuff,Philadelphia,Food,1500.0,0.1,2022-07-12,Series H,United States,3400.0,2022.0
Fraazo,Mumbai,Food,150.0,,2022-07-12,Series B,India,63.0,2022.0
Babylon,London,Healthcare,100.0,,2022-07-12,Post-IPO,United Kingdom,1100.0,2022.0
Hubilo,SF Bay Area,Marketing,45.0,0.12,2022-07-12,Series B,United States,153.0,2022.0
Airlift,Lahore,Logistics,,1.0,2022-07-12,Series B,Pakistan,109.0,2022.0
Hopin,London,Other,242.0,0.29,2022-07-11,Series D,United Kingdom,1000.0,2022.0
Alice,Sao Paulo,Healthcare,63.0,,2022-07-11,Series C,Brazil,174.0,2022.0
SundaySky,New York City,Marketing,24.0,0.13,2022-07-11,Series D,United States,74.0,2022.0
Forward,SF Bay Area,Healthcare,,0.05,2022-07-11,Series D,United States,225.0,2022.0
Ignite,SF Bay Area,Crypto,,0.5,2022-07-11,Series A,United States,9.0,2022.0
PuduTech,Shenzen,Other,1500.0,,2022-07-08,Series C,China,184.0,2022.0
Butler Hospitality,New York City,Food,1000.0,1.0,2022-07-08,Series B,United States,50.0,2022.0
Calibrate,New York City,Healthcare,156.0,0.24,2022-07-08,Series B,United States,127.0,2022.0
NextRoll,SF Bay Area,Marketing,,0.03,2022-07-08,Unknown,United States,108.0,2022.0
Argo AI,Pittsburgh,Transportation,150.0,0.05,2022-07-07,Unknown,United States,3600.0,2022.0
Next Insurance,SF Bay Area,Finance,150.0,0.17,2022-07-07,Series E,United States,881.0,2022.0
Adwerx,Durham,Marketing,40.0,,2022-07-07,Unknown,United States,20.0,2022.0
Emotive,Los Angeles,Marketing,30.0,0.18,2022-07-07,Series B,United States,78.0,2022.0
Cedar,New York City,Healthcare,,0.24,2022-07-07,Series D,United States,351.0,2022.0
Remote,SF Bay Area,HR,100.0,0.09,2022-07-06,Series C,United States,496.0,2022.0
Shopify,Ottawa,Retail,50.0,,2022-07-06,Post-IPO,Canada,122.0,2022.0
Anodot,Tel Aviv,Data,35.0,0.27,2022-07-06,Series C,United States,64.0,2022.0
SQream,New York City,Data,30.0,0.18,2022-07-06,Series B,United States,77.0,2022.0
Loft,Sao Paulo,Real Estate,384.0,0.12,2022-07-05,Unknown,Brazil,788.0,2022.0
Bizzabo,New York City,Marketing,120.0,0.3,2022-07-05,Series E,United States,194.0,2022.0
eToro,Tel Aviv,Finance,100.0,0.06,2022-07-05,Unknown,Israel,322.0,2022.0
Verbit,New York City,Data,80.0,0.1,2022-07-05,Series E,United States,569.0,2022.0
Outschool,SF Bay Area,Education,31.0,0.18,2022-07-05,Series D,United States,240.0,2022.0
Bullish,Hong Kong,Crypto,30.0,0.08,2022-07-05,Unknown,Hong Kong,300.0,2022.0
Transmit Security,Boston,Security,27.0,0.07,2022-07-05,Series A,United States,583.0,2022.0
Thimble,New York City,Fin-Tech,20.0,0.33,2022-07-05,Series A,United States,28.0,2022.0
Syte,Tel Aviv,Retail,13.0,0.08,2022-07-05,Series C,Israel,71.0,2022.0
Lightricks,Jerusalem,Consumer,80.0,0.12,2022-07-04,Series D,Israel,335.0,2022.0
Chessable,London,Consumer,29.0,,2022-07-04,Acquired,United Kingdom,0.0,2022.0
Sendle,Sydney,Logistics,27.0,0.12,2022-07-04,Series C,Australia,69.0,2022.0
Lendis,Berlin,Other,18.0,0.15,2022-07-04,Series A,Germany,90.0,2022.0
Gorillas,Berlin,Food,540.0,,2022-07-03,Series C,Germany,1300.0,2022.0
Celsius,New York City,Crypto,150.0,0.25,2022-07-03,Series B,United States,864.0,2022.0
Zepto,Brisbane,Finance,,0.1,2022-07-02,Series A,Australia,25.0,2022.0
WanderJaunt,SF Bay Area,Travel,85.0,1.0,2022-07-01,Series B,United States,26.0,2022.0
Canoo,Los Angeles,Transportation,58.0,0.06,2022-07-01,Post-IPO,United States,300.0,2022.0
Bamboo Health,Louisville,Healthcare,52.0,,2022-07-01,Unknown,United States,,2022.0
Teleport,SF Bay Area,Infrastructure,15.0,0.06,2022-07-01,Series C,United States,169.0,2022.0
Enjoy,SF Bay Area,Retail,400.0,0.18,2022-06-30,Post-IPO,United States,310.0,2022.0
Crejo.Fun,Bengaluru,Education,170.0,1.0,2022-06-30,Seed,India,3.0,2022.0
Stash Financial,New York City,Finance,40.0,0.08,2022-06-30,Unknown,United States,480.0,2022.0
Nate,New York City,Retail,30.0,0.2,2022-06-30,Series A,United States,47.0,2022.0
Snyk,Boston,Security,30.0,,2022-06-30,Series F,United States,849.0,2022.0
Stream,Boulder,Product,20.0,0.12,2022-06-30,Series B,United States,58.0,2022.0
Finleap Connect,Hamburg,Finance,14.0,0.1,2022-06-30,Series A,Germany,22.0,2022.0
Abra,SF Bay Area,Crypto,12.0,0.05,2022-06-30,Series C,United States,106.0,2022.0
Gavelytics,Los Angeles,Legal,,1.0,2022-06-30,Seed,United States,5.0,2022.0
Sundae,SF Bay Area,Real Estate,,0.15,2022-06-30,Series C,United States,135.0,2022.0
Toppr,Mumbai,Education,350.0,,2022-06-29,Acquired,India,112.0,2022.0
Unity,SF Bay Area,Other,200.0,0.04,2022-06-29,Post-IPO,United States,1300.0,2022.0
Niantic,SF Bay Area,Consumer,85.0,0.08,2022-06-29,Series D,United States,770.0,2022.0
AvantStay,Los Angeles,Travel,80.0,,2022-06-29,Unknown,United States,811.0,2022.0
Qumulo,Seattle,Data,80.0,0.19,2022-06-29,Series E,United States,347.0,2022.0
Clutch,Toronto,Transportation,76.0,0.22,2022-06-29,Series B,Canada,153.0,2022.0
Parallel Wireless,Nashua,Infrastructure,60.0,,2022-06-29,Unknown,United States,8.0,2022.0
Oye Rickshaw,New Delhi,Transportation,40.0,0.2,2022-06-29,Unknown,India,13.0,2022.0
Rows,Berlin,Other,18.0,0.3,2022-06-29,Series B,Germany,25.0,2022.0
Baton,SF Bay Area,Transportation,16.0,0.25,2022-06-29,Series A,United States,13.0,2022.0
Substack,SF Bay Area,Media,13.0,0.14,2022-06-29,Series B,United States,82.0,2022.0
Degreed,SF Bay Area,Education,,0.15,2022-06-29,Series D,United States,411.0,2022.0
HomeLight,SF Bay Area,Real Estate,,0.19,2022-06-29,Series D,United States,743.0,2022.0
Volt Bank,Sydney,Finance,,1.0,2022-06-29,Series E,Australia,90.0,2022.0
Huobi,Beijing,Crypto,300.0,0.3,2022-06-28,Unknown,China,2.0,2022.0
WhiteHat Jr,Mumbai,Education,300.0,,2022-06-28,Acquired,India,11.0,2022.0
StockX,Detroit,Retail,120.0,0.08,2022-06-28,Series E,United States,690.0,2022.0
Sidecar Health,Los Angeles,Healthcare,110.0,0.4,2022-06-28,Series C,United States,163.0,2022.0
StockX,Detroit,Retail,80.0,,2022-06-28,Series E,United States,690.0,2022.0
Vezeeta,Dubai,Healthcare,50.0,0.1,2022-06-28,Series D,United Arab Emirates,71.0,2022.0
Bright Machines,SF Bay Area,Data,30.0,0.08,2022-06-28,Unknown,Israel,250.0,2022.0
HealthMatch,Sydney,Healthcare,18.0,0.5,2022-06-28,Series B,Australia,20.0,2022.0
Nova Benefits,Bengaluru,Healthcare,,0.3,2022-06-28,Series B,India,41.0,2022.0
Una Brands,Singapore,Retail,,0.1,2022-06-28,Series A,Singapore,55.0,2022.0
AppLovin,SF Bay Area,Marketing,300.0,0.12,2022-06-27,Post-IPO,United States,1600.0,2022.0
UiPath,New York City,Data,210.0,0.05,2022-06-27,Post-IPO,United States,2000.0,2022.0
Udaan,Bengaluru,Retail,180.0,0.04,2022-06-27,Unknown,India,1500.0,2022.0
Cue,San Diego,Healthcare,170.0,,2022-06-27,Post-IPO,United States,999.0,2022.0
Banxa,Melbourne,Crypto,70.0,0.3,2022-06-27,Post-IPO,Australia,13.0,2022.0
SafeGraph,SF Bay Area,Data,27.0,0.25,2022-06-27,Series B,United States,61.0,2022.0
Amount,Chicago,Finance,,0.18,2022-06-27,Unknown,United States,283.0,2022.0
Postscript,SF Bay Area,Marketing,43.0,,2022-06-26,Series C,United States,106.0,2022.0
Bitpanda,Vienna,Crypto,270.0,0.27,2022-06-24,Series C,Austria,546.0,2022.0
Sunday,Atlanta,Finance,90.0,0.23,2022-06-24,Series A,United States,124.0,2022.0
Bestow,Dallas,Finance,41.0,0.14,2022-06-24,Series C,United States,137.0,2022.0
Ethos Life,SF Bay Area,Finance,40.0,0.12,2022-06-24,Series D,United States,406.0,2022.0
Netflix,SF Bay Area,Media,300.0,0.03,2022-06-23,Post-IPO,United States,121900.0,2022.0
Aura,Boston,Security,70.0,0.09,2022-06-23,Series F,United States,500.0,2022.0
Pipl,Spokane,Security,22.0,0.13,2022-06-23,Unknown,United States,19.0,2022.0
Vouch,SF Bay Area,Finance,15.0,0.07,2022-06-23,Series C,United States,159.0,2022.0
Voyage SMS,Los Angeles,Marketing,8.0,0.13,2022-06-23,Unknown,United States,10.0,2022.0
Esper,Seattle,Other,,0.12,2022-06-23,Series A,United States,10.0,2022.0
Kune,Nairobi,Food,,1.0,2022-06-23,Seed,Kenya,1.0,2022.0
Orchard,New York City,Real Estate,,0.1,2022-06-23,Series D,United States,472.0,2022.0
Ro,New York City,Healthcare,,0.18,2022-06-23,Unknown,United States,1000.0,2022.0
StreamElements,Tel Aviv,Media,,0.2,2022-06-23,Series B,Israel,111.0,2022.0
MasterClass,SF Bay Area,Education,120.0,0.2,2022-06-22,Series E,United States,461.0,2022.0
IronNet,Washington D.C.,Security,90.0,0.35,2022-06-22,Post-IPO,United States,410.0,2022.0
Bungalow,SF Bay Area,Real Estate,70.0,,2022-06-22,Series C,United States,171.0,2022.0
IronNet,Washington D.C.,Security,55.0,0.17,2022-06-22,Post-IPO,United States,410.0,2022.0
Sprinklr,New York City,Support,50.0,,2022-06-22,Post-IPO,United States,429.0,2022.0
Superpedestrian,Boston,Transportation,35.0,0.07,2022-06-22,Series C,United States,261.0,2022.0
Voi,Stockholm,Transportation,35.0,0.1,2022-06-22,Series D,United States,515.0,2022.0
Balto,St. Louis,Sales,30.0,,2022-06-22,Series B,United States,51.0,2022.0
Ritual,Toronto,Food,23.0,0.16,2022-06-22,Series C,Canada,134.0,2022.0
Voly,Sydney,Food,,0.5,2022-06-22,Seed,Australia,13.0,2022.0
Ebanx,Curitiba,Finance,340.0,0.2,2022-06-21,Series B,Brazil,460.0,2022.0
TaskUs,Los Angeles,Support,52.0,0.0,2022-06-21,Post-IPO,United States,279.0,2022.0
Community,Los Angeles,Marketing,40.0,0.3,2022-06-21,Unknown,United States,40.0,2022.0
Sourcegraph,SF Bay Area,Product,24.0,0.08,2022-06-21,Series D,United States,248.0,2022.0
Frubana,Bogota,Food,,0.03,2022-06-21,Series C,Colombia,202.0,2022.0
SuperLearn,Bengaluru,Education,,1.0,2022-06-21,Seed,India,0.0,2022.0
Tray.io,SF Bay Area,Data,,0.1,2022-06-21,Series C,United States,109.0,2022.0
Bybit,Singapore,Crypto,600.0,0.3,2022-06-20,Unknown,Singapore,,2022.0
SummerBio,SF Bay Area,Healthcare,101.0,1.0,2022-06-20,Unknown,United States,7.0,2022.0
Trax,Singapore,Retail,100.0,0.12,2022-06-20,Series E,Singapore,1000.0,2022.0
Aqgromalin,Chennai,Food,80.0,0.3,2022-06-20,Unknown,India,12.0,2022.0
Bonsai,Toronto,Retail,30.0,0.55,2022-06-20,Series A,Canada,27.0,2022.0
Brighte,Sydney,Energy,30.0,0.15,2022-06-20,Series C,Australia,145.0,2022.0
Buzzer,New York City,Media,,0.2,2022-06-20,Unknown,United States,32.0,2022.0
CityMall,Gurugram,Retail,191.0,0.3,2022-06-19,Series C,India,112.0,2022.0
BitOasis,Dubai,Crypto,9.0,0.05,2022-06-19,Series B,United Arab Emirates,30.0,2022.0
Unacademy,Bengaluru,Education,150.0,0.03,2022-06-18,Series H,India,838.0,2022.0
Bytedance,Shanghai,Consumer,150.0,,2022-06-17,Unknown,China,9400.0,2022.0
Socure,Reno,Finance,69.0,0.13,2022-06-17,Series E,United States,646.0,2022.0
Finite State,Columbus,Security,16.0,0.2,2022-06-17,Series B,United States,49.0,2022.0
JOKR,New York City,Food,50.0,0.05,2022-06-16,Series B,United States,430.0,2022.0
Zumper,SF Bay Area,Real Estate,45.0,0.15,2022-06-16,Series D,United States,178.0,2022.0
PharmEasy,Mumbai,Healthcare,40.0,,2022-06-16,Unknown,India,1600.0,2022.0
Circulo Health,Columbus,Healthcare,,0.5,2022-06-16,Series A,United States,50.0,2022.0
Swappie,Helsinki,Retail,250.0,0.17,2022-06-15,Series C,Finland,169.0,2022.0
Wealthsimple,Toronto,Finance,159.0,0.13,2022-06-15,Unknown,Canada,900.0,2022.0
Weee!,SF Bay Area,Food,150.0,0.1,2022-06-15,Series E,United States,863.0,2022.0
Notarize,Boston,Legal,110.0,0.25,2022-06-15,Series D,United States,213.0,2022.0
Elementor,Tel Aviv,Media,60.0,0.15,2022-06-15,Unknown,Israel,65.0,2022.0
Tonkean,SF Bay Area,Other,23.0,0.23,2022-06-15,Series B,United States,83.0,2022.0
Airtame,Copenhagen,Consumer,15.0,,2022-06-15,Unknown,Denmark,7.0,2022.0
OpenWeb,Tel Aviv,Media,14.0,0.05,2022-06-15,Series E,Israel,223.0,2022.0
Swyft,Toronto,Logistics,10.0,0.3,2022-06-15,Series A,Canada,20.0,2022.0
JetClosing,Seattle,Real Estate,,1.0,2022-06-15,Series B,United States,44.0,2022.0
Coinbase,SF Bay Area,Crypto,1100.0,0.18,2022-06-14,Post-IPO,United States,549.0,2022.0
Redfin,Seattle,Real Estate,470.0,0.08,2022-06-14,Post-IPO,United States,319.0,2022.0
Compass,New York City,Real Estate,450.0,0.1,2022-06-14,Post-IPO,United States,1600.0,2022.0
Sami,Sao Paulo,Healthcare,75.0,0.15,2022-06-14,Unknown,Brazil,36.0,2022.0
Breathe,New Delhi,Healthcare,50.0,0.33,2022-06-14,Series A,India,6.0,2022.0
Hunty,Bogota,HR,30.0,,2022-06-14,Seed,Colombia,6.0,2022.0
TIFIN,Boulder,Crypto,24.0,0.1,2022-06-14,Series D,United States,204.0,2022.0
BlockFi,New York City,Crypto,250.0,0.2,2022-06-13,Series E,United States,1000.0,2022.0
Wave Sports and Entertainment,Los Angeles,Media,56.0,0.33,2022-06-13,Series B,United States,65.0,2022.0
Studio,SF Bay Area,Education,33.0,0.4,2022-06-13,Series B,United States,50.0,2022.0
Desktop Metal,Boston,Other,,0.12,2022-06-13,Post-IPO,United States,811.0,2022.0
Crypto.com,Singapore,Crypto,260.0,0.05,2022-06-10,Unknown,Singapore,156.0,2022.0
FarEye,New Delhi,Logistics,250.0,0.3,2022-06-10,Series E,India,150.0,2022.0
Berlin Brands Group,Berlin,Retail,100.0,0.1,2022-06-10,Unknown,Germany,1000.0,2022.0
Sanar,Sao Paulo,Healthcare,60.0,0.2,2022-06-10,Unknown,Brazil,11.0,2022.0
Freetrade,London,Finance,45.0,0.15,2022-06-10,Unknown,United Kingdom,133.0,2022.0
Albert,Los Angeles,Finance,20.0,0.08,2022-06-10,Series C,United States,175.0,2022.0
Ziroom,Beijing,Real Estate,,0.2,2022-06-10,Unknown,China,2100.0,2022.0
OneTrust,Atlanta,Security,950.0,0.25,2022-06-09,Series C,United States,926.0,2022.0
Stitch Fix,SF Bay Area,Retail,330.0,0.15,2022-06-09,Post-IPO,United States,79.0,2022.0
Daniel Wellington,Stockholm,Retail,200.0,0.15,2022-06-09,Unknown,Sweden,,2022.0
Convoy,Seattle,Logistics,90.0,0.07,2022-06-09,Series E,United States,1100.0,2022.0
Hologram,Chicago,Infrastructure,80.0,0.4,2022-06-09,Series B,United States,82.0,2022.0
Boozt,Malmo,Retail,70.0,0.05,2022-06-09,Post-IPO,Sweden,56.0,2022.0
The Grommet,Boston,Retail,40.0,1.0,2022-06-09,Acquired,United States,5.0,2022.0
Stashaway,Singapore,Finance,31.0,0.14,2022-06-09,Series D,Singapore,61.0,2022.0
Preply,Boston,Education,26.0,0.05,2022-06-09,Series C,United States,100.0,2022.0
Jellysmack,New York City,Media,,0.08,2022-06-09,Series C,United States,22.0,2022.0
Starship,SF Bay Area,Transportation,,0.11,2022-06-09,Series B,United States,197.0,2022.0
Sonder,SF Bay Area,Travel,250.0,0.21,2022-06-08,Post-IPO,United States,839.0,2022.0
Kavak,Sao Paulo,Transportation,150.0,,2022-06-08,Series E,Brazil,1600.0,2022.0
Truepill,SF Bay Area,Healthcare,150.0,0.15,2022-06-08,Series D,United States,255.0,2022.0
iPrice Group,Kuala Lumpur,Retail,50.0,0.2,2022-06-08,Unknown,Malaysia,26.0,2022.0
Memmo,Stockholm,Consumer,,0.4,2022-06-08,Unknown,Sweden,24.0,2022.0
Cazoo,London,Transportation,750.0,0.15,2022-06-07,Post-IPO,United Kingdom,2000.0,2022.0
Rupeek,Bengaluru,Finance,180.0,0.15,2022-06-07,Unknown,India,172.0,2022.0
Lummo,Jakarta,Marketing,150.0,,2022-06-07,Series C,Indonesia,149.0,2022.0
Bird,Los Angeles,Transportation,138.0,0.23,2022-06-07,Post-IPO,United States,783.0,2022.0
ID.me,Washington D.C.,Security,130.0,,2022-06-07,Unknown,United States,275.0,2022.0
KiwiCo,SF Bay Area,Retail,40.0,,2022-06-07,Unknown,United States,11.0,2022.0
Propzy,Ho Chi Minh City,Real Estate,,0.5,2022-06-07,Series A,Vietnam,33.0,2022.0
Clearco,Toronto,Finance,60.0,,2022-06-06,Series C,Canada,681.0,2022.0
Dutchie,Bend,Other,50.0,0.07,2022-06-06,Series D,United States,603.0,2022.0
Deep Instinct,New York City,Security,,0.1,2022-06-06,Series D,United States,259.0,2022.0
Sendoso,SF Bay Area,Marketing,,0.14,2022-06-06,Series C,United States,152.0,2022.0
Eruditus,Mumbai,Education,40.0,,2022-06-04,Series E,India,1200.0,2022.0
Afterverse,Brasilia,Consumer,60.0,0.2,2022-06-03,Unknown,Brazil,,2022.0
Superhuman,SF Bay Area,Consumer,23.0,0.22,2022-06-03,Series C,United States,108.0,2022.0
Food52,New York City,Food,21.0,0.15,2022-06-03,Acquired,United States,176.0,2022.0
5B Solar,Sydney,Energy,,0.25,2022-06-03,Series A,Australia,12.0,2022.0
Tesla,Austin,Transportation,,0.1,2022-06-03,Post-IPO,United States,20200.0,2022.0
Carbon Health,SF Bay Area,Healthcare,250.0,0.08,2022-06-02,Series D,United States,522.0,2022.0
Favo,Sao Paulo,Food,170.0,,2022-06-02,Series A,Brazil,31.0,2022.0
PolicyGenius,New York City,Finance,170.0,0.25,2022-06-02,Series E,United States,286.0,2022.0
Yojak,Gurugram,Construction,140.0,0.5,2022-06-02,Seed,India,3.0,2022.0
Envato,Melbourne,Marketing,100.0,,2022-06-02,Unknown,Australia,,2022.0
Gemini,New York City,Crypto,100.0,0.1,2022-06-02,Unknown,United States,423.0,2022.0
Stord,Atlanta,Logistics,59.0,0.08,2022-06-02,Series D,United States,325.0,2022.0
Gather,SF Bay Area,Consumer,30.0,0.33,2022-06-02,Series B,United States,76.0,2022.0
Shef,SF Bay Area,Food,29.0,,2022-06-02,Series A,United States,28.0,2022.0
IRL,SF Bay Area,Consumer,25.0,0.25,2022-06-02,Series C,United States,197.0,2022.0
Kaodim,Selangor,Consumer,,1.0,2022-06-02,Series B,United States,17.0,2022.0
TomTom,Amsterdam,Transportation,500.0,0.1,2022-06-01,Post-IPO,Netherlands,,2022.0
Cybereason,Boston,Security,100.0,0.06,2022-06-01,Series F,United States,750.0,2022.0
Udayy,Gurugram,Education,100.0,1.0,2022-06-01,Seed,India,2.0,2022.0
2TM,Sao Paulo,Crypto,90.0,0.12,2022-06-01,Unknown,Brazil,250.0,2022.0
Curve,London,Finance,65.0,0.1,2022-06-01,Series C,United Kingdom,182.0,2022.0
Loom,SF Bay Area,Product,34.0,0.14,2022-06-01,Series C,United States,203.0,2022.0
Skillshare,New York City,Education,31.0,,2022-06-01,Unknown,United States,136.0,2022.0
Impala,London,Travel,30.0,0.35,2022-06-01,Series B,United Kingdom,32.0,2022.0
Eaze,SF Bay Area,Consumer,25.0,,2022-06-01,Series D,United States,202.0,2022.0
Side,SF Bay Area,Real Estate,,0.1,2022-06-01,Unknown,United States,313.0,2022.0
Truck It In,Karachi,Logistics,,0.3,2022-06-01,Seed,Pakistan,17.0,2022.0
Playtika,Tel Aviv,Consumer,250.0,0.06,2022-05-31,Post-IPO,Israel,,2022.0
Replicated,Los Angeles,Infrastructure,50.0,,2022-05-31,Series C,United States,85.0,2022.0
Tomo,Stamford,Finance,44.0,0.33,2022-05-31,Series A,United States,110.0,2022.0
Getta,Tel Aviv,Transportation,30.0,,2022-05-31,Series A,Israel,49.0,2022.0
BookClub,Salt Lake City,Education,12.0,0.25,2022-05-31,Series A,United States,26.0,2022.0
SWVL,Dubai,Transportation,400.0,0.32,2022-05-30,Post-IPO,United Arab Emirates,132.0,2022.0
Mobile Premier League,Bengaluru,Consumer,100.0,0.1,2022-05-30,Series E,India,375.0,2022.0
SumUp,Sao Paulo,Finance,100.0,0.03,2022-05-30,Unknown,Brazil,50.0,2022.0
FrontRow,Bengaluru,Education,145.0,0.3,2022-05-27,Series A,India,17.0,2022.0
Daloopa,New Delhi,Data,40.0,,2022-05-27,Series A,India,23.0,2022.0
Uncapped,London,Finance,29.0,0.26,2022-05-27,Unknown,United Kingdom,118.0,2022.0
VTEX,Sao Paulo,Retail,200.0,0.13,2022-05-26,Post-IPO,Brazil,365.0,2022.0
Bitso,Mexico City,Crypto,80.0,0.11,2022-05-26,Series C,Mexico,378.0,2022.0
Foodpanda,Bucharest,Food,80.0,,2022-05-26,Acquired,Romania,749.0,2022.0
Dazn,London,Consumer,50.0,0.02,2022-05-26,Unknown,United Kingdom,,2022.0
Lacework,SF Bay Area,Security,300.0,0.2,2022-05-25,Series D,United States,1900.0,2022.0
Bolt,SF Bay Area,Finance,240.0,0.27,2022-05-25,Series E,United States,1300.0,2022.0
PeerStreet,Los Angeles,Finance,75.0,,2022-05-25,Series C,United States,121.0,2022.0
Kontist,Berlin,Finance,50.0,0.25,2022-05-25,Series B,Germany,53.0,2022.0
Nuri,Berlin,Finance,45.0,0.2,2022-05-25,Series B,Germany,42.0,2022.0
Coterie Insurance,Cincinnati,Finance,30.0,0.2,2022-05-25,Series B,United States,70.0,2022.0
Airlift,Lahore,Logistics,,0.31,2022-05-25,Series B,Pakistan,109.0,2022.0
Getir,Istanbul,Food,,0.14,2022-05-25,Series E,Turkey,1800.0,2022.0
Zapp,London,Food,,0.1,2022-05-25,,United Kingdom,300.0,2022.0
Gorillas,Berlin,Food,300.0,0.5,2022-05-24,Series C,Germany,1300.0,2022.0
Zenius,Jakarta,Education,200.0,,2022-05-24,Series B,Indonesia,20.0,2022.0
The Zebra,Austin,Finance,40.0,,2022-05-24,Series D,United States,256.0,2022.0
Klarna,Stockholm,Finance,700.0,0.1,2022-05-23,Unknown,Sweden,3700.0,2022.0
PayPal,SF Bay Area,Finance,83.0,,2022-05-23,Post-IPO,United States,216.0,2022.0
Buenbit,Buenos Aires,Crypto,80.0,0.45,2022-05-23,Series A,Argentina,11.0,2022.0
BeyondMinds,Tel Aviv,Data,65.0,1.0,2022-05-23,Series A,Israel,16.0,2022.0
ClickUp,San Diego,Other,60.0,0.07,2022-05-23,Series C,United States,537.0,2022.0
Airtime,New York City,Consumer,30.0,0.2,2022-05-23,Series B,United States,33.0,2022.0
MFine,Bengaluru,Healthcare,600.0,0.75,2022-05-21,Series C,India,97.0,2022.0
Latch,New York City,Security,130.0,0.28,2022-05-20,Post-IPO,United States,342.0,2022.0
Outside,Boulder,Media,87.0,0.15,2022-05-20,Series B,United States,174.0,2022.0
Skillz,SF Bay Area,Consumer,70.0,0.1,2022-05-20,Post-IPO,United States,287.0,2022.0
Cars24,Gurugram,Transportation,600.0,0.06,2022-05-19,Series G,India,1300.0,2022.0
Vedantu,Bengaluru,Education,424.0,0.07,2022-05-18,Series E,India,292.0,2022.0
Netflix,SF Bay Area,Media,150.0,0.01,2022-05-17,Post-IPO,United States,121900.0,2022.0
Kry,Stockholm,Healthcare,100.0,0.1,2022-05-17,Series D,Sweden,568.0,2022.0
Picsart,Miami,Consumer,90.0,0.08,2022-05-17,Series C,United States,195.0,2022.0
Zak,Sao Paulo,Food,100.0,0.4,2022-05-16,Series A,United States,29.0,2022.0
AliExpress Russia,Moscow,Retail,400.0,0.4,2022-05-14,Acquired,Russia,60.0,2022.0
Thirty Madison,New York City,Healthcare,24.0,,2022-05-14,Acquired,United States,209.0,2022.0
CommonBond,New York City,Finance,22.0,,2022-05-13,Series D,United States,130.0,2022.0
Subspace,Los Angeles,Infrastructure,,1.0,2022-05-13,Series B,United States,,2022.0
Zwift,Los Angeles,Fitness,150.0,,2022-05-12,Series C,United States,619.0,2022.0
Section4,New York City,Education,32.0,,2022-05-12,Series A,United States,37.0,2022.0
DataRobot,Boston,Data,70.0,0.07,2022-05-11,Series G,United States,1000.0,2022.0
Carvana,Phoenix,,2500.0,0.12,2022-05-10,Post-IPO,United States,1600.0,2022.0
Doma,SF Bay Area,Finance,310.0,0.15,2022-05-10,Post-IPO,United States,679.0,2022.0
Pollen,London,Travel,200.0,0.33,2022-05-10,Series C,United Kingdom,238.0,2022.0
Latch,New York City,Security,30.0,0.06,2022-05-10,Post-IPO,United States,342.0,2022.0
Meero,Paris,Other,350.0,0.5,2022-05-09,Series C,France,293.0,2022.0
Vroom,New York City,Transportation,270.0,0.14,2022-05-09,Post-IPO,United States,1300.0,2022.0
Reef,Miami,Transportation,750.0,0.05,2022-05-06,Unknown,United States,1500.0,2022.0
divvyDOSE,Davenport,Healthcare,62.0,,2022-05-06,Acquired,United States,0.0,2022.0
Vedantu,Bengaluru,Education,200.0,0.03,2022-05-05,Series E,India,292.0,2022.0
Mural,SF Bay Area,Product,90.0,0.1,2022-05-05,Series C,United States,192.0,2022.0
On Deck,SF Bay Area,Education,72.0,0.25,2022-05-05,Series A,United States,20.0,2022.0
SEND,Sydney,Food,300.0,1.0,2022-05-04,Seed,Australia,3.0,2022.0
Colossus,Boston,Energy,97.0,,2022-05-04,Series A,United States,41.0,2022.0
Cameo,Chicago,Consumer,87.0,0.25,2022-05-04,Unknown,United States,165.0,2022.0
Mainstreet,SF Bay Area,Finance,45.0,0.3,2022-05-04,Series A,United States,64.0,2022.0
Ideoclick,Seattle,Retail,40.0,,2022-05-04,Series A,United States,7.0,2022.0
Vise,New York City,Finance,25.0,,2022-05-04,Series C,United States,128.0,2022.0
Bizpay,Sydney,Finance,,0.3,2022-05-04,Unknown,Australia,45.0,2022.0
Avo,Tel Aviv,Food,500.0,0.67,2022-05-01,Series B,Israel,45.0,2022.0
Noom,New York City,Healthcare,495.0,,2022-04-29,Series F,United States,657.0,2022.0
Domestika,SF Bay Area,Education,150.0,0.19,2022-04-28,Series D,United States,130.0,2022.0
Netflix,SF Bay Area,Media,25.0,,2022-04-28,Post-IPO,United States,121900.0,2022.0
Wahoo Fitness,Atlanta,Fitness,50.0,,2022-04-27,Unknown,United States,,2022.0
Robinhood,SF Bay Area,Finance,340.0,0.09,2022-04-26,Post-IPO,United States,5600.0,2022.0
Bonsai,Toronto,Retail,29.0,0.34,2022-04-26,Series A,Canada,27.0,2022.0
Sigfox,Toulouse,Other,64.0,,2022-04-25,Acquired,France,277.0,2022.0
Clyde,New York City,Marketing,22.0,,2022-04-25,Series B,United States,58.0,2022.0
Xiaohongshu,Shanghai,Consumer,180.0,0.09,2022-04-21,Series E,China,917.0,2022.0
Facily,Sao Paulo,Retail,260.0,0.3,2022-04-20,Series D,Brazil,502.0,2022.0
Lemonade,New York City,Finance,52.0,,2022-04-20,Post-IPO,United States,481.0,2022.0
Blend,SF Bay Area,Finance,200.0,0.1,2022-04-19,Post-IPO,United States,665.0,2022.0
QuintoAndar,Sao Paulo,Real Estate,160.0,0.04,2022-04-19,Series E,Brazil,755.0,2022.0
Loft,Sao Paulo,Real Estate,159.0,,2022-04-19,Unknown,Brazil,788.0,2022.0
Automox,Boulder,Infrastructure,,0.11,2022-04-18,Series C,United States,152.0,2022.0
Humble,SF Bay Area,Media,10.0,,2022-04-15,Acquired,United States,4.0,2022.0
Halcyon Health,New York City,Healthcare,,1.0,2022-04-15,Unknown,United States,2.0,2022.0
Ahead,SF Bay Area,Healthcare,44.0,1.0,2022-04-14,Unknown,United States,9.0,2022.0
Rad Power Bikes,Seattle,Transportation,100.0,0.14,2022-04-12,Series D,United States,329.0,2022.0
Meesho,Bengaluru,Retail,150.0,,2022-04-11,Series F,India,1100.0,2022.0
Food52,New York City,Food,20.0,0.1,2022-04-08,Acquired,United States,176.0,2022.0
Unacademy,Bengaluru,Education,1000.0,0.17,2022-04-07,Series H,India,838.0,2022.0
Goodfood,Calgary,Food,70.0,,2022-04-07,Post-IPO,Canada,16.0,2022.0
Workrise,Austin,Energy,450.0,,2022-04-05,Series E,United States,752.0,2022.0
Fast,SF Bay Area,Finance,,1.0,2022-04-05,Series B,United States,124.0,2022.0
BitMEX,Non-U.S.,Crypto,75.0,0.25,2022-04-04,Seed,Seychelles,0.0,2022.0
Legible,Vancouver,Media,23.0,0.38,2022-04-04,Post-IPO,Canada,3.0,2022.0
Lightico,Tel Aviv,Finance,20.0,,2022-03-31,Series B,Israel,42.0,2022.0
Sea,Bengaluru,Retail,350.0,,2022-03-30,Post-IPO,India,8600.0,2022.0
Rasa,Berlin,Data,59.0,0.4,2022-03-30,Series B,Germany,40.0,2022.0
Gopuff,Philadelphia,Food,450.0,0.03,2022-03-29,Series H,United States,3400.0,2022.0
Thinkific,Vancouver,Education,100.0,0.2,2022-03-29,Post-IPO,Canada,22.0,2022.0
Furlenco,Bengaluru,Retail,180.0,,2022-03-26,Series D,India,228.0,2022.0
Grove Collaborative,SF Bay Area,Retail,,0.17,2022-03-19,Series E,United States,474.0,2022.0
Storytel,Stockholm,Media,100.0,0.1,2022-03-17,Post-IPO,Sweden,275.0,2022.0
Curology,SF Bay Area,Healthcare,150.0,,2022-03-16,Series D,United States,19.0,2022.0
Trell,Bengaluru,Retail,300.0,0.5,2022-03-15,Series B,India,62.0,2022.0
Knock,New York City,Real Estate,115.0,0.46,2022-03-15,Unknown,United States,654.0,2022.0
Talis Biomedical,SF Bay Area,Healthcare,,0.25,2022-03-15,Post-IPO,United States,8.0,2022.0
Sezzle,Minneapolis,Finance,,0.2,2022-03-10,Post-IPO,United States,301.0,2022.0
Better.com,New York City,Real Estate,3000.0,0.33,2022-03-08,Unknown,United States,905.0,2022.0
Adaptive Biotechnologies,Seattle,Healthcare,100.0,0.12,2022-03-08,Post-IPO,United States,406.0,2022.0
Hyperscience,New York City,Data,100.0,0.25,2022-03-03,Series E,United States,289.0,2022.0
WeDoctor,Non-U.S.,Healthcare,500.0,,2022-03-02,Series F,China,1400.0,2022.0
Wish,SF Bay Area,Retail,190.0,0.15,2022-03-01,Post-IPO,United States,1600.0,2022.0
OKCredit,New Delhi,Finance,30.0,,2022-02-24,Series B,India,85.0,2022.0
Lido,Mumbai,Education,150.0,,2022-02-21,Series A,India,24.0,2022.0
Virgin Hyperloop,Los Angeles,Transportation,111.0,0.5,2022-02-21,Unknown,United States,368.0,2022.0
Trustly,Stockholm,Finance,120.0,,2022-02-17,Acquired,Sweden,28.0,2022.0
Liv Up,Sao Paulo,Food,100.0,0.15,2022-02-16,Series D,Brazil,118.0,2022.0
Homie,Salt Lake City,Real Estate,119.0,0.29,2022-02-14,Series B,United States,35.0,2022.0
Hopin,London,Other,138.0,0.12,2022-02-10,Series D,United States,1000.0,2022.0
Daily Harvest,New York City,Food,60.0,0.2,2022-02-10,Series D,United States,120.0,2022.0
Peloton,New York City,Fitness,2800.0,0.2,2022-02-08,Post-IPO,United States,1900.0,2022.0
Rhino,New York City,Real Estate,57.0,0.2,2022-02-03,Unknown,United States,133.0,2022.0
Gopuff,Philadelphia,Food,100.0,,2022-01-26,Series H,United States,3400.0,2022.0
Glossier,New York City,Consumer,80.0,0.33,2022-01-26,Series E,United States,266.0,2022.0
Root Insurance,Columbus,Finance,330.0,,2022-01-20,Post-IPO,United States,527.0,2022.0
Spin,SF Bay Area,Transportation,,0.25,2022-01-08,Acquired,United States,8.0,2022.0
Delivery Hero,Berlin,Food,300.0,,2021-12-22,Post-IPO,Germany,8300.0,2021.0
Better.com,New York City,Real Estate,900.0,0.09,2021-12-01,Unknown,United States,905.0,2021.0
BitTitan,Seattle,Data,70.0,0.27,2021-11-18,Acquired,United States,46.0,2021.0
Zillow,Seattle,Real Estate,2000.0,0.25,2021-11-02,Post-IPO,United States,97.0,2021.0
InVision,New York City,Product,22.0,,2021-10-05,Unknown,United States,356.0,2021.0
Ozy Media,SF Bay Area,Media,,1.0,2021-10-01,Series C,United States,70.0,2021.0
Zymergen,SF Bay Area,Other,120.0,,2021-09-23,Post-IPO,United States,974.0,2021.0
Treehouse,Portland,Education,41.0,0.9,2021-09-14,Series B,United States,12.0,2021.0
Tanium,Seattle,Security,30.0,,2021-08-30,Unknown,United States,1000.0,2021.0
Flockjay,SF Bay Area,Education,37.0,0.5,2021-08-24,Series A,United States,14.0,2021.0
Bytedance,Shanghai,Consumer,1800.0,,2021-08-05,Unknown,China,9400.0,2021.0
Pagarbook,Bengaluru,HR,80.0,,2021-07-26,Series A,India,17.0,2021.0
Katerra,SF Bay Area,Construction,2434.0,1.0,2021-06-01,Unknown,United States,1600.0,2021.0
Lambda School,SF Bay Area,Education,65.0,,2021-04-29,Series C,United States,122.0,2021.0
Madefire,SF Bay Area,Media,,1.0,2021-04-29,Series B,United States,16.0,2021.0
Patreon,SF Bay Area,Media,36.0,,2021-04-26,Series D,United States,165.0,2021.0
New Relic,SF Bay Area,Infrastructure,160.0,0.07,2021-04-06,Post-IPO,United States,214.5,2021.0
HuffPo,New York City,Media,47.0,,2021-03-09,Acquired,United States,37.0,2021.0
Ninjacart,Bengaluru,Food,200.0,,2021-02-23,Unknown,India,194.0,2021.0
Bounce,Bengaluru,Transportation,200.0,0.4,2021-02-22,Series D,India,214.2,2021.0
ThredUp,Chicago,Retail,243.0,,2021-02-09,Series F,United States,305.0,2021.0
Indigo,Boston,Other,80.0,,2021-02-09,Series F,United States,1200.0,2021.0
Limelight,New York City,Recruiting,13.0,1.0,2021-02-04,Unknown,United States,,2021.0
Quandoo,Berlin,Food,87.0,0.2,2021-02-03,Acquired,Germany,39.0,2021.0
Hubba,Toronto,Retail,45.0,1.0,2021-02-01,Series B,Canada,61.0,2021.0
Bytedance,Mumbai,Consumer,1800.0,,2021-01-27,Unknown,India,7400.0,2021.0
Privitar,London,Data,20.0,,2021-01-27,Series C,United Kingdom,150.0,2021.0
Shutterfly,SF Bay Area,Retail,800.0,,2021-01-25,Acquired,United States,50.0,2021.0
Postmates,SF Bay Area,Food,180.0,0.15,2021-01-23,Acquired,United States,763.0,2021.0
Instacart,SF Bay Area,Food,1877.0,,2021-01-21,Unknown,United States,2400.0,2021.0
Pocketmath,Singapore,Marketing,21.0,1.0,2021-01-20,Unknown,Singapore,20.0,2021.0
Dropbox,SF Bay Area,Other,315.0,0.15,2021-01-13,Post-IPO,United States,1700.0,2021.0
Aura Financial,SF Bay Area,Finance,,1.0,2021-01-11,Unknown,United States,584.0,2021.0
Simple,Portland,Finance,,1.0,2021-01-07,Acquired,United States,15.0,2021.0
WhiteHat Jr,Mumbai,Education,1800.0,,2021-01-06,Acquired,India,11.0,2021.0
Pulse Secure,SF Bay Area,Security,78.0,,2020-12-23,Acquired,United States,,2020.0
Breather,Montreal,Real Estate,120.0,0.8,2020-12-16,Series D,Canada,131.0,2020.0
Actifio,Boston,Data,54.0,,2020-12-16,Acquired,United States,352.0,2020.0
OYO,Gurugram,Travel,600.0,,2020-12-08,Series F,India,3200.0,2020.0
Aya,Toronto,Finance,5.0,0.25,2020-11-19,Seed,United States,3.0,2020.0
Domio,New York City,Real Estate,,0.5,2020-11-18,Series B,United States,116.0,2020.0
Bridge Connector,Nashville,Healthcare,154.0,1.0,2020-11-17,Series B,United States,45.0,2020.0
Tidepool,SF Bay Area,Healthcare,18.0,0.4,2020-11-17,Unknown,United States,,2020.0
Worksmith,Austin,Retail,30.0,0.5,2020-11-09,Unknown,United States,3.8,2020.0
Rubica,Seattle,Security,,1.0,2020-11-05,Series A,United States,14.0,2020.0
Bossa Nova,SF Bay Area,Retail,,0.5,2020-11-02,Unknown,United States,101.6,2020.0
LivePerson,New York City,Support,30.0,,2020-11-01,Post-IPO,United States,42.0,2020.0
Remedy,Austin,Healthcare,82.0,,2020-10-29,Series A,United States,12.5,2020.0
Knotel,New York City,Real Estate,20.0,0.08,2020-10-29,Series C,United States,560.0,2020.0
CodeCombat,SF Bay Area,Education,8.0,,2020-10-23,Series A,United States,8.0,2020.0
Quibi,Los Angeles,Media,,1.0,2020-10-21,Private Equity,United States,1800.0,2020.0
GetYourGuide,Berlin,Travel,90.0,0.17,2020-10-14,Series E,Germany,656.0,2020.0
OLX India,New Delhi,Marketing,250.0,,2020-10-10,Acquired,India,28.0,2020.0
Alto Pharmacy,SF Bay Area,Healthcare,47.0,0.06,2020-09-29,Series D,United States,356.0,2020.0
Air,New York City,Marketing,,0.16,2020-09-16,Series A,United States,18.0,2020.0
NS8,Las Vegas,Data,240.0,0.95,2020-09-11,Series A,United States,157.9,2020.0
Bleacher Report,London,Media,20.0,,2020-09-11,Acquired,United Kingdom,40.5,2020.0
HubHaus,SF Bay Area,Real Estate,,1.0,2020-09-11,Series A,United States,13.4,2020.0
Waze,SF Bay Area,Transportation,30.0,0.054,2020-09-09,Acquired,United States,67.0,2020.0
Ouster,SF Bay Area,Transportation,,0.1,2020-09-08,Series B,United States,132.0,2020.0
Awok,Dubai,Retail,,1.0,2020-09-02,Series A,United Arab Emirates,30.0,2020.0
Big Fish Games,Seattle,Media,250.0,,2020-09-01,Acquired,United States,95.2,2020.0
GoBear,Singapore,Finance,22.0,0.11,2020-09-01,Unknown,Singapore,97.0,2020.0
MakeMyTrip,New Delhi,Travel,350.0,0.1,2020-08-31,Post-IPO,India,548.0,2020.0
Salesforce,SF Bay Area,Sales,1000.0,0.0185,2020-08-26,Post-IPO,United States,65.4,2020.0
Superloop,Brisbane,Infrastructure,30.0,,2020-08-24,Post-IPO,Australia,36.0,2020.0
Docly,London,Healthcare,8.0,0.8,2020-08-19,Seed,United Kingdom,15.5,2020.0
Lumina Networks,SF Bay Area,Infrastructure,,1.0,2020-08-18,Series A,United States,10.0,2020.0
Shopify,Ottawa,Retail,30.0,,2020-08-14,Post-IPO,Canada,122.3,2020.0
Mozilla,SF Bay Area,Consumer,250.0,0.25,2020-08-11,Unknown,United States,2.3,2020.0
Eatsy,Singapore,Food,20.0,1.0,2020-08-08,Seed,Singapore,0.9755,2020.0
Glossier,New York City,Retail,150.0,0.38,2020-08-07,Series D,United States,186.4,2020.0
Thriver,Toronto,Food,75.0,0.5,2020-08-06,Series B,Canada,53.0,2020.0
Vesta,Atlanta,Sales,56.0,,2020-08-05,Unknown,United States,20.0,2020.0
Booking.com,Amsterdam,Travel,4375.0,0.25,2020-07-30,Acquired,Netherlands,,2020.0
Buy.com / Rakuten,SF Bay Area,Retail,87.0,1.0,2020-07-30,Acquired,United States,42.4,2020.0
Procore,Los Angeles,Construction,180.0,0.09,2020-07-28,Unknown,United States,649.0,2020.0
Swiggy,Bengaluru,Food,350.0,0.05,2020-07-27,Series I,India,1600.0,2020.0
Zeitgold,Berlin,Finance,75.0,0.72,2020-07-27,Series B,Germany,60.18,2020.0
Checkr,SF Bay Area,HR,64.0,0.12,2020-07-23,Series D,United States,309.0,2020.0
Sorabel,Jakarta,Retail,,1.0,2020-07-23,Series B,Indonesia,27.0,2020.0
LinkedIn,SF Bay Area,Recruiting,960.0,0.06,2020-07-21,Acquired,United States,154.0,2020.0
Lighter Capital,Seattle,Finance,22.0,0.49,2020-07-20,Series B,United States,15.0,2020.0
Curefit,Bengaluru,Fitness,120.0,,2020-07-17,Series D,India,404.6,2020.0
Optimizely,SF Bay Area,Marketing,60.0,0.15,2020-07-15,Series D,United States,251.2,2020.0
Skyscanner,Edinburgh,Travel,300.0,0.2,2020-07-14,Acquired,United Kingdom,197.2,2020.0
Yelp,SF Bay Area,Consumer,63.0,,2020-07-13,Post-IPO,United States,56.0,2020.0
Bizongo,Mumbai,Logistics,140.0,,2020-07-10,Series C,India,70.0,2020.0
Zilingo,Singapore,Retail,100.0,0.12,2020-07-09,Series D,Singapore,307.0,2020.0
PaySense,Mumbai,Finance,40.0,,2020-07-09,Acquired,India,25.6,2020.0
Funding Circle,SF Bay Area,Finance,85.0,,2020-07-08,Post-IPO,United States,746.0,2020.0
The Wing,New York City,Real Estate,56.0,,2020-07-01,Series C,United States,117.0,2020.0
Sharethrough,SF Bay Area,Marketing,18.0,,2020-07-01,Series D,United States,38.0,2020.0
Kongregate,SF Bay Area,Media,12.0,,2020-07-01,Series C,United States,19.0,2020.0
Havenly,Denver,Consumer,5.0,,2020-07-01,Series C,United States,57.8,2020.0
G2,Chicago,Marketing,17.0,0.05,2020-06-30,Series C,United States,100.8,2020.0
Katerra,SF Bay Area,Construction,400.0,0.07,2020-06-29,Series E,United States,1300.0,2020.0
Bounce,Bengaluru,Transportation,130.0,0.22,2020-06-29,Series D,India,214.2,2020.0
Argo AI,Munich,Transportation,100.0,,2020-06-29,Unknown,Germany,3600.0,2020.0
Bossa Nova,SF Bay Area,Retail,61.0,,2020-06-29,Unknown,United States,101.6,2020.0
New Relic,Portland,Infrastructure,20.0,,2020-06-29,Post-IPO,United States,214.5,2020.0
Engine eCommerce,Fayetteville,Retail,,1.0,2020-06-28,Unknown,United States,4.0,2020.0
GoDaddy,Austin,Marketing,451.0,0.06,2020-06-24,Post-IPO,United States,,2020.0
Sonos,New York City,Consumer,174.0,0.12,2020-06-24,Post-IPO,United States,455.2,2020.0
Gojek,Jakarta,Transportation,430.0,0.09,2020-06-23,Series F,Indonesia,4800.0,2020.0
ScaleFactor,Austin,Finance,90.0,0.9,2020-06-23,Series C,United States,103.0,2020.0
Dark,SF Bay Area,Product,6.0,1.0,2020-06-23,Seed,United States,3.0,2020.0
Intuit,SF Bay Area,Finance,715.0,0.07,2020-06-22,Post-IPO,United States,18.0,2020.0
WeWork,London,Real Estate,200.0,,2020-06-19,Series H,United Kingdom,19500.0,2020.0
Atlas Obscura,New York City,Media,15.0,,2020-06-18,Series B,United States,32.0,2020.0
Navi,Bengaluru,Finance,40.0,0.25,2020-06-17,Private Equity,India,582.0,2020.0
PaisaBazaar,Gurugram,Finance,1500.0,0.5,2020-06-16,Series G,India,496.0,2020.0
Grab,Singapore,Transportation,360.0,0.05,2020-06-16,Series I,Singapore,9900.0,2020.0
Splunk,SF Bay Area,Data,70.0,0.01,2020-06-16,Post-IPO,United States,40.0,2020.0
Redox,Madison,Healthcare,44.0,0.25,2020-06-16,Series C,United States,50.0,2020.0
Conga,Denver,Data,,0.11,2020-06-15,Acquired,United States,117.0,2020.0
Stockwell AI,SF Bay Area,Retail,,1.0,2020-06-15,Series B,United States,10.0,2020.0
Uber,Amsterdam,Transportation,225.0,0.25,2020-06-12,Post-IPO,Netherlands,24700.0,2020.0
SynapseFI,SF Bay Area,Finance,63.0,0.48,2020-06-12,Series B,United States,50.0,2020.0
ScaleFocus,Sofia,Infrastructure,120.0,0.1,2020-06-11,Unknown,Bulgaria,,2020.0
Branch,New York City,Retail,3.0,0.27,2020-06-11,Seed,United States,2.0,2020.0
Her Campus Media,Boston,Media,10.0,0.18,2020-06-10,Unknown,United States,,2020.0
Integrate.ai,Toronto,Support,26.0,,2020-06-09,Unknown,Canada,39.6,2020.0
The Athletic,SF Bay Area,Media,46.0,0.08,2020-06-05,Series D,United States,139.0,2020.0
Ethos Life,SF Bay Area,Finance,18.0,0.14,2020-06-05,Series C,United States,106.0,2020.0
Lastline,SF Bay Area,Security,50.0,0.4,2020-06-04,Series C,United States,52.0,2020.0
Builder,Los Angeles,Product,39.0,0.14,2020-06-04,Series A,United States,29.0,2020.0
Monzo,London,Finance,120.0,0.08,2020-06-03,Series F,United Kingdom,324.0,2020.0
Kitty Hawk,SF Bay Area,Aerospace,70.0,,2020-06-03,Unknown,United States,1.0,2020.0
SpotHero,Chicago,Transportation,40.0,0.21,2020-06-03,Series D,United States,117.0,2020.0
Credit Sesame,SF Bay Area,Finance,22.0,0.14,2020-06-03,Series F,United States,120.0,2020.0
Circ,Berlin,Transportation,100.0,,2020-06-02,Acquired,Germany,55.0,2020.0
Rivian,Detroit,Transportation,40.0,0.02,2020-06-02,Private Equity,United States,3100.0,2020.0
Fundbox,SF Bay Area,Finance,14.0,0.15,2020-06-02,Series C,United States,453.0,2020.0
Descartes Labs,Santa Fe,Data,12.0,0.16,2020-06-02,Series B,United States,58.0,2020.0
MakerBot,New York City,Consumer,12.0,,2020-06-02,Acquired,United States,10.0,2020.0
Stitch Fix,SF Bay Area,Retail,1400.0,0.18,2020-06-01,Post-IPO,United States,79.0,2020.0
MakeMyTrip,Gurugram,Travel,350.0,0.1,2020-06-01,Post-IPO,India,548.0,2020.0
CrowdStreet,Portland,Real Estate,24.0,0.22,2020-06-01,Series C,United States,24.0,2020.0
Brex,SF Bay Area,Finance,62.0,0.15,2020-05-29,Series C,United States,732.0,2020.0
Loftium,Seattle,Real Estate,32.0,0.6,2020-05-29,Series A,United States,17.0,2020.0
BookMyShow,Mumbai,Consumer,270.0,0.18,2020-05-28,Unknown,India,224.0,2020.0
TrueCar,Los Angeles,Transportation,219.0,0.3,2020-05-28,Post-IPO,United States,340.0,2020.0
StubHub,SF Bay Area,Consumer,200.0,,2020-05-28,Acquired,United States,19.0,2020.0
Culture Amp,Melbourne,HR,36.0,0.08,2020-05-28,Series E,Australia,157.0,2020.0
The Sill,New York City,Retail,20.0,0.25,2020-05-28,Series A,United States,7.0,2020.0
Instructure,Salt Lake City,Education,150.0,0.12,2020-05-27,Acquired,United States,89.0,2020.0
Ebanx,Curitiba,Finance,62.0,0.08,2020-05-27,Unknown,Brazil,30.0,2020.0
Uber,Bengaluru,Transportation,600.0,0.23,2020-05-26,Post-IPO,India,24700.0,2020.0
Bluprint,Denver,Education,137.0,1.0,2020-05-26,Acquired,United States,108.0,2020.0
Acorns,Portland,Finance,50.0,,2020-05-26,Unknown,United States,207.0,2020.0
CarDekho,Gurugram,Transportation,200.0,,2020-05-25,Series D,India,247.0,2020.0
Teamwork,Cork,Other,21.0,,2020-05-22,Unknown,Ireland,,2020.0
Cvent,Washington D.C.,Marketing,400.0,0.1,2020-05-21,Acquired,United States,146.0,2020.0
PickYourTrail,Chennai,Travel,70.0,0.35,2020-05-21,Series A,India,3.0,2020.0
Glitch,New York City,Product,18.0,0.36,2020-05-21,Series A,United States,30.0,2020.0
Ola,Bengaluru,Transportation,1400.0,0.35,2020-05-20,Series J,India,3800.0,2020.0
Samsara,SF Bay Area,Logistics,300.0,0.18,2020-05-20,Series F,United States,530.0,2020.0
Stay Alfred,Spokane,Travel,221.0,1.0,2020-05-20,Series B,United States,62.0,2020.0
SoFi,SF Bay Area,Finance,112.0,0.07,2020-05-20,Private Equity,United States,2500.0,2020.0
ShareChat,Bengaluru,Marketing,101.0,0.25,2020-05-20,Series D,India,222.0,2020.0
Intercom,SF Bay Area,Support,39.0,0.06,2020-05-20,Series D,United States,240.0,2020.0
Livspace,Bengaluru,Retail,450.0,0.15,2020-05-19,Series D,India,157.0,2020.0
Pollen,London,Travel,69.0,0.31,2020-05-19,Series B,United Kingdom,88.0,2020.0
Dotscience,London,Product,10.0,1.0,2020-05-19,Unknown,United Kingdom,,2020.0
Uber,SF Bay Area,Transportation,3000.0,0.13,2020-05-18,Post-IPO,United States,24700.0,2020.0
Agoda,Singapore,Travel,1500.0,0.25,2020-05-18,Acquired,Singapore,,2020.0
Swiggy,Bengaluru,Food,1100.0,0.14,2020-05-18,Series I,India,1600.0,2020.0
WeWork,New Delhi,Real Estate,100.0,0.2,2020-05-18,Series H,India,19500.0,2020.0
Rubrik,SF Bay Area,Infrastructure,57.0,,2020-05-18,Series E,United States,553.0,2020.0
Intapp,SF Bay Area,Legal,45.0,0.05,2020-05-18,Private Equity,United States,,2020.0
Datera,SF Bay Area,Infrastructure,,0.1,2020-05-18,Series C,United States,63.0,2020.0
Magicbricks,Noida,Real Estate,250.0,,2020-05-17,Unknown,India,300.0,2020.0
Zomato,Gurugram,Food,520.0,0.13,2020-05-15,Series J,India,914.0,2020.0
Lendingkart,Ahmedabad,Finance,500.0,0.5,2020-05-15,Unknown,India,200.0,2020.0
Lattice,SF Bay Area,HR,16.0,0.1,2020-05-15,Series C,United States,49.0,2020.0
Masse,New York City,Retail,,1.0,2020-05-15,Seed,United States,3.0,2020.0
Cruise,SF Bay Area,Transportation,150.0,0.08,2020-05-14,Acquired,United States,5300.0,2020.0
Quartz,New York City,Media,80.0,0.4,2020-05-14,Acquired,United States,,2020.0
Integral Ad Science,New York City,Marketing,70.0,0.1,2020-05-14,Acquired,United States,116.0,2020.0
Ridecell,SF Bay Area,Transportation,35.0,0.15,2020-05-14,Series B,United States,73.0,2020.0
Veem,SF Bay Area,Finance,30.0,,2020-05-14,Unknown,United States,69.0,2020.0
Deliv,SF Bay Area,Retail,669.0,1.0,2020-05-13,Series C,United States,80.0,2020.0
Mercos,Joinville,Sales,51.0,0.4,2020-05-13,Unknown,Brazil,2.0,2020.0
Kickstarter,New York City,Finance,25.0,0.18,2020-05-13,Unknown,United States,10.0,2020.0
Intersect,Toronto,Product,19.0,0.11,2020-05-13,Acquired,Canada,,2020.0
Mode Analytics,SF Bay Area,Data,17.0,,2020-05-13,Series C,United States,46.0,2020.0
WeFit,Hanoi,Fitness,,1.0,2020-05-13,Seed,Vietnam,1.0,2020.0
Zymergen,SF Bay Area,Other,,0.1,2020-05-13,Series C,United States,574.0,2020.0
Stone,Sao Paulo,Finance,1300.0,0.2,2020-05-12,Post-IPO,Brazil,,2020.0
Zeus Living,SF Bay Area,Real Estate,73.0,0.5,2020-05-12,Series B,United States,79.0,2020.0
Mixpanel,SF Bay Area,Data,65.0,0.19,2020-05-12,Series B,United States,77.0,2020.0
Hireology,Chicago,Recruiting,36.0,0.17,2020-05-12,Series D,United States,52.0,2020.0
Top Hat,Toronto,Education,16.0,0.03,2020-05-12,Series D,Canada,104.0,2020.0
Revolut,London,Finance,60.0,0.03,2020-05-11,Series D,United Kingdom,837.0,2020.0
Cadre,New York City,Real Estate,28.0,0.25,2020-05-11,Series C,United States,133.0,2020.0
N26,New York City,Finance,9.0,0.01,2020-05-08,Series D,United States,782.0,2020.0
Jump,New York City,Transportation,500.0,1.0,2020-05-07,Acquired,United States,11.0,2020.0
Glassdoor,SF Bay Area,Recruiting,300.0,0.3,2020-05-07,Acquired,United States,204.0,2020.0
Numbrs,Zurich,Finance,62.0,0.5,2020-05-07,Series B,Switzerland,78.0,2020.0
Flywire,Boston,Finance,60.0,0.12,2020-05-07,Series E,United States,263.0,2020.0
SalesLoft,Atlanta,Sales,55.0,,2020-05-07,Series D,United States,145.0,2020.0
Tally,SF Bay Area,Finance,28.0,0.23,2020-05-07,Series C,United States,92.0,2020.0
Airy Rooms,Jakarta,Travel,,1.0,2020-05-07,Unknown,Indonesia,,2020.0
Uber,SF Bay Area,Transportation,3700.0,0.14,2020-05-06,Post-IPO,United States,24700.0,2020.0
Validity,Boston,Data,130.0,0.33,2020-05-06,Private Equity,United States,,2020.0
Flatiron School,New York City,Education,100.0,,2020-05-06,Acquired,United States,15.0,2020.0
Rubicon Project,Los Angeles,Marketing,50.0,0.08,2020-05-06,Post-IPO,United States,60.0,2020.0
Segment,SF Bay Area,Data,50.0,0.1,2020-05-06,Series D,United States,283.0,2020.0
OPay,Lagos,Finance,,0.7,2020-05-06,Series B,Nigeria,170.0,2020.0
Airbnb,SF Bay Area,Travel,1900.0,0.25,2020-05-05,Private Equity,United States,5400.0,2020.0
Juul,SF Bay Area,Consumer,900.0,0.3,2020-05-05,Unknown,United States,1500.0,2020.0
Andela,New York City,Recruiting,135.0,0.1,2020-05-05,Series D,United States,181.0,2020.0
Stack Overflow,New York City,Recruiting,40.0,0.15,2020-05-05,Series D,United States,68.0,2020.0
Pipedrive,Tallinn,Sales,31.0,,2020-05-05,Series C,Estonia,90.0,2020.0
Workable,Boston,Recruiting,25.0,0.1,2020-05-05,Series C,United States,84.0,2020.0
CureFit,Bengaluru,Fitness,800.0,0.16,2020-05-04,Series D,India,404.0,2020.0
Careem,Dubai,Transportation,536.0,0.31,2020-05-04,Acquired,United Arab Emirates,771.0,2020.0
Oriente,Hong Kong,Finance,400.0,0.2,2020-05-04,Series B,Hong Kong,175.0,2020.0
Veriff,Tallinn,Security,63.0,0.21,2020-05-04,Series A,Estonia,7.0,2020.0
Element AI,Montreal,Other,62.0,0.15,2020-05-04,Series B,Canada,257.0,2020.0
Deputy,Sydney,HR,60.0,0.3,2020-05-04,Series B,Australia,106.0,2020.0
Loopio,Toronto,Sales,11.0,0.08,2020-05-04,Series A,Canada,11.0,2020.0
Castlight Health,SF Bay Area,Healthcare,,0.13,2020-05-04,Post-IPO,United States,184.0,2020.0
Trax,Tel Aviv,Retail,120.0,0.1,2020-05-03,Series D,Israel,386.0,2020.0
LiveTiles,New York City,Other,50.0,,2020-05-03,Post-IPO,United States,46.0,2020.0
OYO,London,Travel,150.0,,2020-05-01,Series F,United Kingdom,2400.0,2020.0
Namely,New York City,HR,110.0,0.4,2020-05-01,Series E,United States,217.0,2020.0
Culture Trip,London,Media,95.0,0.32,2020-05-01,Series B,United Kingdom,102.0,2020.0
Sandbox VR,SF Bay Area,Consumer,80.0,0.8,2020-05-01,Series A,United States,82.0,2020.0
Virtudent,Boston,Healthcare,70.0,,2020-05-01,Series A,United States,10.0,2020.0
Monese,Lisbon,Finance,35.0,,2020-05-01,Unknown,Portugal,80.0,2020.0
TheSkimm,New York City,Media,26.0,0.2,2020-05-01,Series C,United States,28.0,2020.0
Automatic,SF Bay Area,Transportation,,1.0,2020-05-01,Acquired,United States,24.0,2020.0
Bullhorn,Boston,Sales,100.0,,2020-04-30,Acquired,United States,32.0,2020.0
Care.com,Boston,Consumer,81.0,,2020-04-30,Acquired,United States,156.0,2020.0
Fandom,SF Bay Area,Media,,0.14,2020-04-30,Series E,United States,145.0,2020.0
PicoBrew,Seattle,Food,,1.0,2020-04-30,Series A,United States,15.0,2020.0
Lyft,SF Bay Area,Transportation,982.0,0.17,2020-04-29,Post-IPO,United States,4900.0,2020.0
WeWork,SF Bay Area,Real Estate,300.0,,2020-04-29,Series H,United States,2250.0,2020.0
Kayak / OpenTable,Stamford,Travel,160.0,0.08,2020-04-29,Acquired,United States,229.0,2020.0
Kitopi,New York City,Food,124.0,,2020-04-29,Series B,United States,89.0,2020.0
Lime,SF Bay Area,Transportation,80.0,0.13,2020-04-29,Series D,United States,765.0,2020.0
Transfix,New York City,Logistics,24.0,0.1,2020-04-29,Series D,United States,128.0,2020.0
TripAdvisor,Boston,Travel,900.0,0.25,2020-04-28,Post-IPO,United States,3.0,2020.0
Renmoney,Lagos,Finance,391.0,0.5,2020-04-28,Unknown,Nigeria,,2020.0
Deliveroo,London,Food,367.0,0.15,2020-04-28,Series G,United Kingdom,1500.0,2020.0
App Annie,SF Bay Area,Data,80.0,0.18,2020-04-28,Unknown,United States,156.0,2020.0
OpenX,Los Angeles,Marketing,35.0,0.15,2020-04-28,Unknown,United States,70.0,2020.0
PayJoy,SF Bay Area,Finance,27.0,0.25,2020-04-28,Series B,United States,71.0,2020.0
Shipsi,Los Angeles,Retail,20.0,0.5,2020-04-28,Seed,United States,2.0,2020.0
Migo,SF Bay Area,Finance,,0.25,2020-04-28,Series B,United States,37.0,2020.0
Automation Anywhere,SF Bay Area,Other,260.0,0.1,2020-04-27,Series B,United States,840.0,2020.0
JetClosing,Seattle,Real Estate,20.0,0.2,2020-04-27,Series A,United States,24.0,2020.0
Qwick,Phoenix,Recruiting,,0.7,2020-04-27,Seed,United States,4.0,2020.0
OYO,Sao Paulo,Travel,500.0,,2020-04-25,Series F,Brazil,2400.0,2020.0
Stoqo,Jakarta,Food,250.0,1.0,2020-04-25,Series A,Indonesia,,2020.0
Submittable,Missoula,Other,30.0,0.2,2020-04-25,Series B,United States,17.0,2020.0
Divergent 3D,Los Angeles,Transportation,57.0,0.36,2020-04-24,Series B,United States,88.0,2020.0
Ada Support,Toronto,Support,36.0,0.23,2020-04-24,Series B,Canada,60.0,2020.0
UPshow,Chicago,Marketing,19.0,0.3,2020-04-24,Series A,United States,7.0,2020.0
Lighter Capital,Seattle,Finance,18.0,0.22,2020-04-24,Series B,United States,15.0,2020.0
Horizn Studios,Berlin,Travel,15.0,0.25,2020-04-24,Series B,Germany,30.0,2020.0
Welkin Health,SF Bay Area,Healthcare,10.0,0.33,2020-04-24,Series B,United States,29.0,2020.0
Jiobit,Chicago,Consumer,6.0,0.21,2020-04-24,Unknown,United States,12.0,2020.0
TutorMundi,Sao Paulo,Education,4.0,1.0,2020-04-24,Series A,Brazil,2.0,2020.0
StockX,Detroit,Retail,100.0,0.12,2020-04-23,Series C,United States,160.0,2020.0
Zenefits,SF Bay Area,HR,87.0,0.15,2020-04-23,Series C,United States,583.0,2020.0
Sisense,New York City,Data,80.0,0.09,2020-04-23,Series F,United States,274.0,2020.0
Oscar Health,New York City,Healthcare,70.0,0.05,2020-04-23,Unknown,United States,1300.0,2020.0
Simon Data,New York City,Marketing,6.0,,2020-04-23,Series C,United States,68.0,2020.0
Convoy,Seattle,Logistics,,0.01,2020-04-23,Series D,United States,665.0,2020.0
Magic Leap,Miami,Consumer,1000.0,0.5,2020-04-22,Series E,United States,2600.0,2020.0
When I Work,Minneapolis,HR,55.0,0.35,2020-04-22,Series B,United States,24.0,2020.0
Ike,SF Bay Area,Transportation,10.0,0.14,2020-04-22,Series A,United States,52.0,2020.0
Airy Rooms,Jakarta,Travel,,0.7,2020-04-22,Unknown,Indonesia,,2020.0
Nearmap,Sydney,Construction,,0.1,2020-04-22,Post-IPO,Australia,15.0,2020.0
Swiggy,Bengaluru,Food,800.0,,2020-04-21,Series I,India,1600.0,2020.0
Paytm,New Delhi,Finance,500.0,,2020-04-21,Unknown,India,2200.0,2020.0
Lending Club,SF Bay Area,Finance,460.0,0.3,2020-04-21,Post-IPO,United States,392.0,2020.0
Houzz,SF Bay Area,Consumer,155.0,0.1,2020-04-21,Series E,United States,613.0,2020.0
Casper,New York City,Retail,78.0,0.21,2020-04-21,Post-IPO,United States,339.0,2020.0
RealSelf,Seattle,Healthcare,40.0,0.13,2020-04-21,Series B,United States,42.0,2020.0
Freshbooks,Toronto,Finance,38.0,0.09,2020-04-21,Series B,Canada,75.0,2020.0
Patreon,SF Bay Area,Media,30.0,0.13,2020-04-21,Series D,United States,165.0,2020.0
Lambda School,SF Bay Area,Education,19.0,,2020-04-21,Series B,United States,48.0,2020.0
Politico / Protocol,Washington D.C.,Media,13.0,,2020-04-21,Unknown,United States,,2020.0
Bringg,Tel Aviv,Logistics,10.0,0.1,2020-04-21,Series D,Israel,84.0,2020.0
Klook,Hong Kong,Travel,300.0,0.15,2020-04-20,Series D,Hong Kong,521.0,2020.0
ConsenSys,New York City,Crypto,91.0,0.14,2020-04-20,Unknown,United States,10.0,2020.0
GumGum,Los Angeles,Marketing,90.0,0.25,2020-04-20,Series D,United States,58.0,2020.0
Kueski,Guadalajara,Finance,90.0,0.3,2020-04-20,Series B,Mexico,38.0,2020.0
Movidesk,Blumenau,Support,33.0,0.25,2020-04-20,Seed,Brazil,1.0,2020.0
Zum,SF Bay Area,Transportation,28.0,,2020-04-20,Series C,United States,71.0,2020.0
Komodo Health,SF Bay Area,Healthcare,23.0,0.09,2020-04-20,Series C,United States,50.0,2020.0
Forward,SF Bay Area,Healthcare,10.0,0.03,2020-04-20,Series C,United States,100.0,2020.0
Hipcamp,SF Bay Area,Travel,,0.6,2020-04-20,Series B,United States,40.5,2020.0
Motif Investing,SF Bay Area,Finance,,1.0,2020-04-18,Series E,United States,126.0,2020.0
BlackBuck,Bengaluru,Logistics,200.0,,2020-04-17,Series D,India,293.0,2020.0
ContaAzul,Joinville,Education,140.0,0.35,2020-04-17,Series D,Brazil,37.0,2020.0
Greenhouse Software,New York City,Recruiting,120.0,0.28,2020-04-17,Series D,United States,110.0,2020.0
QuintoAndar,Sao Paulo,Real Estate,88.0,0.08,2020-04-17,Series D,Brazil,335.0,2020.0
Loft,Sao Paulo,Real Estate,47.0,0.1,2020-04-17,Series C,Brazil,263.0,2020.0
Zilingo,Singapore,Retail,44.0,0.05,2020-04-17,Series D,Singapore,307.0,2020.0
Labster,Copenhagen,Education,40.0,,2020-04-17,Series B,Denmark,34.0,2020.0
Sweetgreen,Los Angeles,Food,35.0,0.1,2020-04-17,Series I,United States,478.0,2020.0
People.ai,SF Bay Area,Marketing,30.0,0.18,2020-04-17,Series C,United States,100.0,2020.0
Tor,Boston,Security,13.0,0.37,2020-04-17,Unknown,United States,1.0,2020.0
BitGo,SF Bay Area,Crypto,,0.12,2020-04-17,Series B,United States,69.0,2020.0
Dispatch,Boston,Other,,0.38,2020-04-17,Series A,United States,18.0,2020.0
CarGurus,Boston,Transportation,130.0,0.13,2020-04-16,Post-IPO,United States,1.0,2020.0
Funding Societies,Singapore,Finance,65.0,0.18,2020-04-16,Series B,Singapore,42.0,2020.0
CleverTap,Mumbai,Marketing,60.0,0.2,2020-04-16,Series C,India,76.0,2020.0
Purse,SF Bay Area,Crypto,,1.0,2020-04-16,Seed,United States,1.0,2020.0
Opendoor,SF Bay Area,Real Estate,600.0,0.35,2020-04-15,Series E,United States,1500.0,2020.0
GoPro,SF Bay Area,Consumer,200.0,0.2,2020-04-15,Post-IPO,United States,288.0,2020.0
Shop101,Mumbai,Retail,200.0,0.4,2020-04-15,Series C,India,19.0,2020.0
Zume,SF Bay Area,Food,200.0,0.67,2020-04-15,Unknown,United States,423.0,2020.0
Carta,SF Bay Area,Finance,161.0,0.16,2020-04-15,Series E,United States,447.0,2020.0
Akulaku,Jakarta,Finance,100.0,,2020-04-15,Series D,Indonesia,160.0,2020.0
Parsable,SF Bay Area,HR,40.0,0.25,2020-04-15,Series C,United States,72.0,2020.0
Kodiak Robotics,SF Bay Area,Transportation,15.0,0.2,2020-04-15,Series A,United States,40.0,2020.0
Tulip Retail,Toronto,Retail,14.0,,2020-04-15,Series B,Canada,51.0,2020.0
Trove Recommerce,SF Bay Area,Retail,13.0,,2020-04-15,Series C,United States,34.0,2020.0
Dude Solutions,Raleigh,Other,,0.2,2020-04-15,Acquired,United States,100.0,2020.0
SweetEscape,Jakarta,Consumer,,0.3,2020-04-15,Series A,Indonesia,7.0,2020.0
The RealReal,SF Bay Area,Retail,235.0,0.1,2020-04-14,Post-IPO,United States,358.0,2020.0
TouchBistro,Toronto,Food,131.0,0.23,2020-04-14,Series E,Canada,224.0,2020.0
Envoy,SF Bay Area,HR,58.0,0.3,2020-04-14,Series B,United States,59.0,2020.0
VSCO,SF Bay Area,Consumer,45.0,0.35,2020-04-14,Series B,United States,90.0,2020.0
Skillz,SF Bay Area,Consumer,21.0,,2020-04-14,Series D,United States,132.0,2020.0
DataStax,SF Bay Area,Data,15.0,,2020-04-14,Series E,United States,190.0,2020.0
Xerpa,Sao Paulo,HR,10.0,,2020-04-14,Unknown,Brazil,5.0,2020.0
Groupon,Chicago,Retail,2800.0,0.44,2020-04-13,Post-IPO,United States,1400.0,2020.0
Zoox,SF Bay Area,Transportation,100.0,0.1,2020-04-13,Series B,United States,955.0,2020.0
Neon,Sao Paulo,Finance,70.0,0.1,2020-04-13,Series B,Brazil,120.0,2020.0
EasyPost,SF Bay Area,Logistics,50.0,0.25,2020-04-13,Series A,United States,12.0,2020.0
Clearbanc,Toronto,Finance,17.0,0.08,2020-04-13,Series B,Canada,119.0,2020.0
Meow Wolf,Santa Fe,Media,201.0,,2020-04-10,Unknown,United States,185.0,2020.0
Frontdesk,Milwaukee,Travel,35.0,0.16,2020-04-10,Unknown,United States,3.0,2020.0
BeeTech,Sao Paulo,Finance,30.0,,2020-04-10,Series B,Brazil,14.0,2020.0
Built In,Chicago,Recruiting,28.0,,2020-04-10,Series C,United States,29.0,2020.0
NuoDB,Boston,Data,20.0,0.29,2020-04-10,Unknown,United States,85.0,2020.0
Rhumbix,SF Bay Area,Construction,16.0,0.27,2020-04-10,Series B,United States,35.0,2020.0
Atsu,Seattle,Infrastructure,6.0,1.0,2020-04-10,Unknown,United States,1.0,2020.0
Geekwire,Seattle,Media,5.0,0.31,2020-04-10,Unknown,United States,,2020.0
Yelp,SF Bay Area,Consumer,1000.0,0.17,2020-04-09,Post-IPO,United States,56.0,2020.0
Monzo,Las Vegas,Finance,165.0,,2020-04-09,Series F,United States,324.0,2020.0
OneTrust,Atlanta,Legal,150.0,0.1,2020-04-09,Series B,United States,410.0,2020.0
Omie,Sao Paulo,Finance,136.0,0.31,2020-04-09,Series B,Brazil,26.0,2020.0
Domo,Salt Lake City,Data,90.0,0.1,2020-04-09,Post-IPO,United States,689.0,2020.0
Matterport,SF Bay Area,Data,90.0,0.34,2020-04-09,Series D,United States,114.0,2020.0
Clinc,Ann Arbor,Support,40.0,0.32,2020-04-09,Series B,United States,59.0,2020.0
Mejuri,Toronto,Retail,36.0,0.15,2020-04-09,Series B,Canada,28.0,2020.0
Code42,Minneapolis,Data,25.0,0.05,2020-04-09,Series B,United States,137.5,2020.0
Lighthouse Labs,Toronto,Education,14.0,0.07,2020-04-09,Unknown,Canada,,2020.0
LoopMe,London,Marketing,8.0,0.04,2020-04-09,Unknown,United Kingdom,32.0,2020.0
Elliptic,London,Crypto,,0.3,2020-04-09,Series B,United Kingdom,40.0,2020.0
Eventbrite,SF Bay Area,Consumer,500.0,0.45,2020-04-08,Post-IPO,United States,332.0,2020.0
Meesho,Bengaluru,Retail,200.0,0.28,2020-04-08,Series D,India,215.0,2020.0
Scoop,SF Bay Area,Transportation,92.0,0.33,2020-04-08,Series C,United States,95.0,2020.0
Unison,SF Bay Area,Finance,89.0,0.45,2020-04-08,Series B,United States,40.0,2020.0
Lever,SF Bay Area,Recruiting,86.0,0.4,2020-04-08,Series C,United States,72.0,2020.0
Unbabel,Lisbon,Support,80.0,0.35,2020-04-08,Series C,Portugal,91.0,2020.0
Button,New York City,Marketing,48.0,0.35,2020-04-08,Series C,United States,64.0,2020.0
Eden / Managed By Q,New York City,Real Estate,40.0,0.4,2020-04-08,Series B,United States,40.0,2020.0
Quantcast,SF Bay Area,Marketing,30.0,0.05,2020-04-08,Series C,United States,65.0,2020.0
BVAccel,San Diego,Marketing,25.0,0.25,2020-04-08,Unknown,United States,,2020.0
VideoAmp,Los Angeles,Marketing,21.0,0.1,2020-04-08,Series C,United States,106.0,2020.0
Kenoby,Sao Paulo,Recruiting,18.0,0.16,2020-04-08,Unknown,Brazil,23.0,2020.0
Connected,Toronto,Product,17.0,0.1,2020-04-08,Unknown,Canada,,2020.0
GetNinjas,Sao Paulo,Consumer,11.0,0.1,2020-04-08,Series B,Brazil,16.0,2020.0
Spyce,Boston,Food,4.0,0.12,2020-04-08,Series A,United States,26.0,2020.0
Creditas,Sao Paulo,Finance,,0.06,2020-04-08,Series D,Brazil,314.0,2020.0
RedDoorz,Singapore,Travel,,0.1,2020-04-08,Series C,Singapore,134.0,2020.0
Zola,New York City,Retail,,0.2,2020-04-08,Series D,United States,140.0,2020.0
Toast,Boston,Food,1300.0,0.5,2020-04-07,Series F,United States,902.0,2020.0
ezCater,Boston,Food,400.0,0.44,2020-04-07,Series D,United States,319.0,2020.0
Sage Therapeutics,Boston,Healthcare,340.0,0.53,2020-04-07,Post-IPO,United States,438.0,2020.0
Redfin,Seattle,Real Estate,236.0,0.07,2020-04-07,Post-IPO,United States,319.0,2020.0
Branch Metrics,SF Bay Area,Marketing,100.0,0.2,2020-04-07,Series E,United States,367.0,2020.0
Newfront Insurance,SF Bay Area,Finance,94.0,,2020-04-07,Unknown,United States,,2020.0
Ibotta,Denver,Retail,87.0,0.15,2020-04-07,Series D,United States,85.0,2020.0
Virta Health,SF Bay Area,Healthcare,65.0,,2020-04-07,Series C,United States,175.0,2020.0
Away,New York City,Retail,60.0,0.1,2020-04-07,Series D,United States,181.0,2020.0
MediaMath,New York City,Marketing,53.0,0.08,2020-04-07,Private Equity,United States,607.0,2020.0
Group Nine Media,New York City,Media,50.0,0.07,2020-04-07,Unknown,United States,190.0,2020.0
Payfactors,Boston,HR,46.0,,2020-04-07,Unknown,United States,,2020.0
Nav,Salt Lake City,Finance,30.0,,2020-04-07,Series C,United States,99.0,2020.0
Metromile,SF Bay Area,Finance,100.0,0.33,2020-04-06,Series E,United States,293.0,2020.0
Rock Content,Belo Horizonte,Marketing,100.0,0.2,2020-04-06,Series A,Brazil,0.7,2020.0
BounceX,New York City,Marketing,77.0,0.2,2020-04-06,Series B,United States,75.0,2020.0
C6 Bank,Sao Paulo,Finance,60.0,0.06,2020-04-06,Unknown,Brazil,,2020.0
Wordstream,Boston,Marketing,26.0,0.1,2020-04-06,Acquired,United States,28.0,2020.0
Cogito,Boston,Support,24.0,0.14,2020-04-06,Series C,United States,92.0,2020.0
BusBud,Montreal,Transportation,23.0,0.32,2020-04-06,Series B,Canada,21.0,2020.0
Borrowell,Toronto,Finance,15.0,0.2,2020-04-06,Series B,Canada,72.0,2020.0
PerkSpot,Chicago,HR,10.0,0.1,2020-04-06,Private Equity,United States,50.0,2020.0
Astra,SF Bay Area,Aerospace,40.0,0.25,2020-04-05,Unknown,United States,100.0,2020.0
Iflix,Kuala Lumpur,Consumer,50.0,0.12,2020-04-04,Unknown,Malaysia,348.0,2020.0
Gympass,Sao Paulo,Fitness,467.0,0.33,2020-04-03,Series D,Brazil,300.0,2020.0
Sojern,SF Bay Area,Marketing,300.0,0.5,2020-04-03,Series D,United States,162.0,2020.0
MaxMilhas,Belo Horizonte,Travel,167.0,0.42,2020-04-03,Unknown,Brazil,,2020.0
Minted,SF Bay Area,Retail,147.0,0.37,2020-04-03,Series E,United States,297.0,2020.0
Velodyne Lidar,SF Bay Area,Transportation,140.0,,2020-04-03,Unknown,United States,225.0,2020.0
Zoox,SF Bay Area,Transportation,120.0,,2020-04-03,Series B,United States,955.0,2020.0
Traveloka,Jakarta,Travel,100.0,0.1,2020-04-03,Unknown,Indonesia,,2020.0
Arrive Logistics,Austin,Logistics,75.0,0.07,2020-04-03,Series B,United States,35.0,2020.0
Salsify,Boston,Retail,60.0,0.13,2020-04-03,Series D,United States,97.0,2020.0
Jetty,New York City,Finance,35.0,0.4,2020-04-03,Series B,United States,40.0,2020.0
D2iQ,SF Bay Area,Infrastructure,34.0,0.13,2020-04-03,Series D,United States,247.0,2020.0
Bustle Digital Group,New York City,Media,24.0,0.08,2020-04-03,Series E,United States,80.0,2020.0
Bustle Digital Group,New York City,Media,19.0,,2020-04-03,Series E,United States,80.0,2020.0
Opencare,Toronto,Healthcare,18.0,0.25,2020-04-03,Series A,Canada,24.0,2020.0
Anagram,Los Angeles,Healthcare,17.0,,2020-04-03,Series A,United States,14.0,2020.0
G/O Media Group,New York City,Media,14.0,0.05,2020-04-03,Unknown,United States,,2020.0
DSCO,Salt Lake City,Retail,12.0,,2020-04-03,Series A,United States,4.0,2020.0
Tripbam,Dallas,Travel,10.0,0.25,2020-04-03,Unknown,United States,,2020.0
Avantage Entertainment,Minneapolis,Media,5.0,0.2,2020-04-03,Unknown,United States,,2020.0
The Wing,New York City,Real Estate,,0.5,2020-04-03,Series C,United States,117.0,2020.0
MindBody,San Luis Obispo,Fitness,700.0,0.35,2020-04-02,Post-IPO,United States,114.0,2020.0
Katerra,SF Bay Area,Construction,240.0,0.03,2020-04-02,Series D,United States,1200.0,2020.0
Ritual,Toronto,Food,196.0,0.54,2020-04-02,Series C,Canada,112.0,2020.0
ClassPass,New York City,Fitness,154.0,0.22,2020-04-02,Series E,United States,549.0,2020.0
eGym,Munich,Fitness,100.0,0.25,2020-04-02,Series D,Germany,109.0,2020.0
Voi,Stockholm,Transportation,100.0,,2020-04-02,Series B,Sweden,167.0,2020.0
Industrious,New York City,Real Estate,90.0,0.2,2020-04-02,Series D,United States,222.0,2020.0
1stdibs,New York City,Retail,70.0,0.17,2020-04-02,Series D,United States,253.0,2020.0
ThirdLove,SF Bay Area,Retail,65.0,0.3,2020-04-02,Series B,United States,68.0,2020.0
Latch,New York City,Security,60.0,,2020-04-02,Series B,United States,152.0,2020.0
The Predictive Index,Boston,HR,59.0,0.25,2020-04-02,Acquired,United States,65.0,2020.0
Shuttl,New Delhi,Transportation,40.0,,2020-04-02,Series C,India,122.0,2020.0
Jobcase,Boston,Recruiting,39.0,0.2,2020-04-02,Private Equity,United States,118.0,2020.0
Copper,SF Bay Area,Marketing,35.0,,2020-04-02,Series C,United States,102.0,2020.0
Dynamic Signal,SF Bay Area,HR,35.0,0.19,2020-04-02,Series E,United States,114.0,2020.0
FiscalNote,Washington D.C.,Media,30.0,,2020-04-02,Series D,United States,50.0,2020.0
Sauce Labs,SF Bay Area,Infrastructure,30.0,0.15,2020-04-02,Unknown,United States,151.0,2020.0
Humu,SF Bay Area,HR,26.0,,2020-04-02,Series B,United States,40.0,2020.0
TripleLift,New York City,Marketing,23.0,0.07,2020-04-02,Series B,United States,16.0,2020.0
Coding Dojo,Seattle,Education,7.0,0.07,2020-04-02,Unknown,United States,2.0,2020.0
Instamojo,Bengaluru,Finance,6.0,0.06,2020-04-02,Unknown,India,8.0,2020.0
Synergysuite,Salt Lake City,Food,5.0,0.07,2020-04-02,Series A,United States,6.0,2020.0
Atlanta Tech Village,Atlanta,Real Estate,,0.5,2020-04-02,Unknown,United States,,2020.0
The Modist,Dubai,Retail,,1.0,2020-04-02,Unknown,United Arab Emirates,,2020.0
Booksy,SF Bay Area,Consumer,200.0,,2020-04-01,Series B,United States,48.0,2020.0
Flymya,Yangon,Travel,200.0,0.33,2020-04-01,Unknown,Myanmar,,2020.0
PatientPop,Los Angeles,Healthcare,100.0,0.2,2020-04-01,Series B,United States,75.0,2020.0
Showpad,Chicago,Marketing,52.0,0.12,2020-04-01,Series D,United States,159.0,2020.0
Highsnobiety,Berlin,Media,51.0,0.25,2020-04-01,Series A,Germany,8.5,2020.0
Earnin,SF Bay Area,Finance,50.0,0.2,2020-04-01,Series C,United States,190.0,2020.0
Wonolo,SF Bay Area,Recruiting,46.0,0.13,2020-04-01,Series C,United States,52.0,2020.0
Acko,Mumbai,Finance,45.0,0.09,2020-04-01,Unknown,India,143.0,2020.0
Moovel,Portland,Transportation,28.0,0.37,2020-04-01,Unknown,United States,,2020.0
Aqua Security,Tel Aviv,Security,24.0,0.09,2020-04-01,Series C,Israel,100.0,2020.0
Crayon,Boston,Marketing,20.0,0.2,2020-04-01,Series A,United States,16.0,2020.0
Pana,Denver,Travel,18.0,,2020-04-01,Series A,United States,11.0,2020.0
Sensibill,Toronto,Finance,17.0,0.2,2020-04-01,Series B,Canada,50.0,2020.0
Usermind,Seattle,Marketing,15.0,0.25,2020-04-01,Series C,United States,46.0,2020.0
Incredible Health,SF Bay Area,Healthcare,9.0,0.4,2020-04-01,Series A,United States,15.0,2020.0
Le Tote,SF Bay Area,Retail,,0.5,2020-04-01,Series C,United States,62.0,2020.0
Pebblepost,New York City,Marketing,,0.6,2020-04-01,Series C,United States,81.0,2020.0
WhyHotel,Washington D.C.,Travel,,0.5,2020-04-01,Series B,United States,33.0,2020.0
KeepTruckin,SF Bay Area,Logistics,349.0,0.18,2020-03-31,Series D,United States,227.0,2020.0
AdRoll,Salt Lake City,Marketing,210.0,0.3,2020-03-31,Series C,United States,89.0,2020.0
Rover,Seattle,Consumer,194.0,0.41,2020-03-31,Series G,United States,310.0,2020.0
Turo,SF Bay Area,Transportation,108.0,0.3,2020-03-31,Series E,United States,467.0,2020.0
uShip,Austin,Logistics,65.0,0.37,2020-03-31,Series D,United States,69.0,2020.0
SkySlope,Sacramento,Real Estate,50.0,0.25,2020-03-31,Acquired,United States,,2020.0
Siteimprove,Minneapolis,Marketing,40.0,,2020-03-31,Unknown,United States,55.0,2020.0
AngelList,SF Bay Area,Recruiting,20.0,,2020-03-31,Series B,United States,26.0,2020.0
Zenoti,Seattle,Fitness,17.0,0.04,2020-03-31,Series C,United States,91.0,2020.0
DialSource,Sacramento,Marketing,5.0,0.14,2020-03-31,Series B,United States,26.0,2020.0
Domio,New York City,Travel,,0.3,2020-03-31,Series B,United States,116.0,2020.0
Kazoo,Austin,HR,,0.35,2020-03-31,Series A,United States,8.0,2020.0
Thumbtack,SF Bay Area,Consumer,250.0,0.3,2020-03-30,Series F,United States,423.0,2020.0
RigUp,Austin,Energy,120.0,0.25,2020-03-30,Series D,United States,423.0,2020.0
FabHotels,New Delhi,Travel,80.0,0.2,2020-03-30,Series B,India,48.0,2020.0
Hibob,Tel Aviv,HR,70.0,0.3,2020-03-30,Series A,Israel,45.0,2020.0
PeerStreet,Los Angeles,Finance,51.0,0.3,2020-03-30,Series C,United States,110.0,2020.0
Maven,Seattle,Media,31.0,0.09,2020-03-30,Post-IPO,United States,77.0,2020.0
Blume Global,SF Bay Area,Logistics,30.0,0.1,2020-03-30,Unknown,United States,,2020.0
Catalant,Boston,Other,30.0,,2020-03-30,Series E,United States,110.0,2020.0
Starship Technologies,Tallinn,Transportation,30.0,,2020-03-30,Series A,Estonia,82.0,2020.0
Loftsmart,New York City,Real Estate,25.0,0.75,2020-03-30,Series A,United States,18.0,2020.0
Caliva,SF Bay Area,Retail,20.0,,2020-03-30,Series A,United States,75.0,2020.0
Iris Nova,New York City,Food,9.0,0.5,2020-03-30,Seed,United States,15.0,2020.0
ZipRecruiter,Los Angeles,Recruiting,400.0,0.39,2020-03-29,Series B,United States,219.0,2020.0
Amplero,Seattle,Marketing,17.0,1.0,2020-03-29,Series B,United States,25.0,2020.0
Polarr,SF Bay Area,Consumer,10.0,,2020-03-29,Series A,United States,13.0,2020.0
TravelTriangle,Gurugram,Travel,250.0,0.5,2020-03-28,Series D,India,47.0,2020.0
WeWork,New York City,Real Estate,250.0,,2020-03-28,Series H,United States,2250.0,2020.0
OneWeb,London,Aerospace,451.0,0.85,2020-03-27,Unknown,United Kingdom,3000.0,2020.0
Bird,Los Angeles,Transportation,406.0,0.3,2020-03-27,Series D,United States,623.0,2020.0
HOOQ,Singapore,Consumer,250.0,1.0,2020-03-27,Unknown,Singapore,95.0,2020.0
Everlane,SF Bay Area,Retail,227.0,,2020-03-27,Unknown,United States,18.0,2020.0
DataRobot,Boston,Data,200.0,,2020-03-27,Series E,United States,430.0,2020.0
Restaurant365,Los Angeles,Food,175.0,,2020-03-27,Series C,United States,127.0,2020.0
Blueground,New York City,Real Estate,130.0,0.25,2020-03-27,Series B,United States,77.0,2020.0
Knotel,New York City,Real Estate,127.0,0.3,2020-03-27,Series C,United States,560.0,2020.0
Getaround,SF Bay Area,Transportation,100.0,0.25,2020-03-27,Series D,United States,403.0,2020.0
Zipcar,Boston,Transportation,100.0,0.2,2020-03-27,Acquired,United States,107.0,2020.0
Mogo,Vancouver,Finance,78.0,0.3,2020-03-27,Post-IPO,Canada,201.0,2020.0
DISCO,Austin,Legal,75.0,,2020-03-27,Series E,United States,133.0,2020.0
Raken,San Diego,Construction,60.0,,2020-03-27,Series A,United States,12.0,2020.0
Bench,Vancouver,Finance,47.0,0.1,2020-03-27,Series B,Canada,49.0,2020.0
Loft,Sao Paulo,Real Estate,47.0,,2020-03-27,Series C,Brazil,263.0,2020.0
Oh My Green,SF Bay Area,Food,40.0,,2020-03-27,Seed,United States,20.0,2020.0
Bevi,Boston,Food,30.0,0.2,2020-03-27,Series C,United States,60.0,2020.0
Textio,Seattle,Recruiting,30.0,0.2,2020-03-27,Unknown,United States,41.0,2020.0
Opal,Portland,Marketing,20.0,,2020-03-27,Series B,United States,25.0,2020.0
ThirdLove,New York City,Retail,10.0,,2020-03-27,Series B,United States,68.0,2020.0
B8ta,SF Bay Area,Retail,250.0,0.5,2020-03-26,Series C,United States,88.0,2020.0
Fareportal,Gurugram,Travel,200.0,,2020-03-26,Unknown,India,,2020.0
Puppet,Portland,Infrastructure,50.0,0.1,2020-03-26,Series F,United States,149.0,2020.0
Ecobee,Toronto,Energy,47.0,0.1,2020-03-26,Series C,Canada,149.0,2020.0
Passport,Charlotte,Transportation,44.0,,2020-03-26,Series D,United States,123.0,2020.0
Peerspace,SF Bay Area,Real Estate,41.0,0.75,2020-03-26,Series B,United States,34.0,2020.0
GoSpotCheck,Denver,Retail,23.0,0.2,2020-03-26,Series B,United States,47.0,2020.0
Consider.co,SF Bay Area,Other,13.0,1.0,2020-03-26,Seed,United States,5.0,2020.0
Nativo,Los Angeles,Marketing,,0.4,2020-03-26,Series B,United States,35.0,2020.0
TripActions,SF Bay Area,Travel,300.0,0.25,2020-03-25,Series D,United States,981.0,2020.0
Lyric,SF Bay Area,Real Estate,100.0,,2020-03-25,Series B,United States,179.1,2020.0
Rangle,Toronto,Product,78.0,0.3,2020-03-25,Unknown,Canada,,2020.0
O'Reilly Media,SF Bay Area,Media,75.0,0.15,2020-03-25,Unknown,United States,,2020.0
WanderJaunt,SF Bay Area,Travel,56.0,0.23,2020-03-25,Series B,United States,26.0,2020.0
OutboundEngine,Austin,Marketing,52.0,0.28,2020-03-25,Series C,United States,48.0,2020.0
Wonderschool,SF Bay Area,Education,50.0,0.75,2020-03-25,Series A,United States,24.0,2020.0
Overtime,New York City,Media,30.0,0.23,2020-03-25,Series B,United States,35.0,2020.0
Jama,Portland,Product,12.0,0.05,2020-03-25,Unknown,United States,233.0,2020.0
Element Analytics,SF Bay Area,Data,10.0,,2020-03-25,Series A,United States,22.0,2020.0
Clutter,Los Angeles,Consumer,,0.3,2020-03-25,Series D,United States,296.0,2020.0
Divvy Homes,SF Bay Area,Real Estate,,0.08,2020-03-25,Series B,United States,180.0,2020.0
Sonder,SF Bay Area,Travel,400.0,0.33,2020-03-24,Series D,United States,359.0,2020.0
Takl,Nashville,Consumer,130.0,,2020-03-24,Unknown,United States,,2020.0
Foodsby,Minneapolis,Food,87.0,0.67,2020-03-24,Series B,United States,20.0,2020.0
Zeus Living,SF Bay Area,Real Estate,80.0,0.3,2020-03-24,Series B,United States,79.0,2020.0
TravelBank,SF Bay Area,Travel,20.0,,2020-03-24,Series B,United States,35.0,2020.0
Flowr,Toronto,Retail,,0.25,2020-03-24,Unknown,Canada,,2020.0
Peerfit,Tampa Bay,HR,,0.4,2020-03-24,Unknown,United States,47.0,2020.0
Compass,New York City,Real Estate,375.0,0.15,2020-03-23,Series G,United States,1600.0,2020.0
Convene,New York City,Real Estate,150.0,0.18,2020-03-23,Series D,United States,280.0,2020.0
Leafly,Seattle,Retail,91.0,0.5,2020-03-23,Acquired,United States,2.0,2020.0
The Guild,Austin,Travel,38.0,0.22,2020-03-23,Series B,United States,36.0,2020.0
Drip,Salt Lake City,Marketing,20.0,,2020-03-23,Acquired,United States,0.0,2020.0
GrayMeta,Los Angeles,Data,20.0,0.4,2020-03-23,Unknown,United States,7.0,2020.0
Triplebyte,SF Bay Area,Recruiting,15.0,0.17,2020-03-23,Series B,United States,48.0,2020.0
Ladder Life,SF Bay Area,Finance,13.0,0.25,2020-03-23,Series C,United States,94.0,2020.0
Cabin,SF Bay Area,Travel,,0.2,2020-03-23,Seed,United States,3.0,2020.0
Eight Sleep,New York City,Retail,,0.2,2020-03-23,Series C,United States,70.0,2020.0
Flywheel Sports,New York City,Fitness,784.0,0.98,2020-03-20,Acquired,United States,120.0,2020.0
Peek,Salt Lake City,Travel,45.0,,2020-03-20,Series B,United States,39.0,2020.0
CTO.ai,Vancouver,Infrastructure,30.0,0.5,2020-03-20,Seed,Canada,7.0,2020.0
Yonder,Austin,Media,18.0,,2020-03-20,Series A,United States,16.0,2020.0
Service,Los Angeles,Travel,,1.0,2020-03-20,Seed,United States,5.0,2020.0
Bounce,Bengaluru,Transportation,120.0,,2020-03-19,Series D,India,214.0,2020.0
Ejento,SF Bay Area,Recruiting,84.0,1.0,2020-03-19,Unknown,United States,,2020.0
Remote Year,Chicago,Travel,50.0,0.5,2020-03-19,Series B,United States,17.0,2020.0
Lola,Boston,Travel,34.0,,2020-03-19,Series C,United States,81.0,2020.0
Popin,New York City,Fitness,,1.0,2020-03-19,Unknown,United States,13.0,2020.0
Flytedesk,Boulder,Marketing,4.0,0.2,2020-03-18,Seed,United States,4.0,2020.0
Inspirato,Denver,Travel,130.0,0.22,2020-03-16,Series C,United States,79.0,2020.0
Help.com,Austin,Support,16.0,1.0,2020-03-16,Seed,United States,6.0,2020.0
Service,Los Angeles,Travel,,1.0,2020-03-16,Seed,United States,5.1,2020.0
HopSkipDrive,Los Angeles,Transportation,8.0,0.1,2020-03-13,Unknown,United States,45.0,2020.0
Panda Squad,SF Bay Area,Consumer,6.0,0.75,2020-03-13,Seed,United States,1.0,2020.0
Tamara Mellon,Los Angeles,Retail,20.0,0.4,2020-03-12,Series C,United States,90.0,2020.0
EasyPost,Salt Lake City,Logistics,75.0,,2020-03-11,Series A,United States,12.0,2020.0
Blackbaud,Charleston,Other,500.0,0.14,,Post-IPO,United States,,
